몬스터ID,몬스터명,MVP,레벨,종족,속성,드롭1,확률1,드롭2,확률2,드롭3,확률3,드롭4,확률4,드롭5,확률5,드롭6,확률6,드롭7,확률7,드롭8,확률8,MVP드롭1,MVP확률1,MVP드롭2,MVP확률2,MVP드롭3,MVP확률3
1002,Poring,,1,식물,물,Jellopy,70.00%,Knife_,1.00%,Sticky_Mucus,4.00%,Apple,10.00%,Empty_Bottle,15.00%,Apple,1.50%,Unripe_Apple,0.20%,Poring_Card,0.01%,,,,,,
1078,Red Plant,,1,식물,땅,Red_Herb,55.00%,Flower,10.00%,Shoot,10.00%,Stem,5.00%,Pointed_Scale,3.00%,Fluff,5.00%,Ment,0.50%,Centimental_Flower,0.02%,,,,,,
1079,Blue Plant,,1,식물,땅,Blue_Herb,55.00%,Flower,10.00%,Shoot,10.00%,Stem,5.00%,Pointed_Scale,3.00%,Fruit_Of_Mastela,0.50%,Grape,10.00%,Centimental_Leaf,0.02%,,,,,,
1080,Green Plant,,1,식물,땅,Green_Herb,70.00%,Flower,10.00%,Bitter_Herb,0.20%,Stem,30.00%,Pointed_Scale,15.00%,Aloe,0.50%,Leaflet_Of_Aloe,0.50%,Centimental_Leaf,0.02%,,,,,,
1081,Yellow Plant,,1,식물,땅,Yellow_Herb,55.00%,Flower,10.00%,Shoot,10.00%,Stem,5.00%,Pointed_Scale,3.00%,Singing_Plant,0.05%,Fluff,5.00%,Centimental_Flower,0.02%,,,,,,
1082,White Plant,,1,식물,땅,White_Herb,55.00%,Flower,10.00%,Deadly_Noxious_Herb,0.20%,Stem,30.00%,Pointed_Scale,15.00%,Leaflet_Of_Aloe,0.50%,Hinalle,0.50%,Centimental_Flower,0.02%,,,,,,
1083,Shining Plant,,1,식물,성,Blue_Herb,55.00%,Yellow_Herb,10.00%,White_Herb,10.00%,Illusion_Flower,0.05%,Seed_Of_Yggdrasil,0.20%,Honey,5.00%,Yggdrasilberry,0.50%,Emperium,0.01%,,,,,,
1084,Black Mushroom,,1,식물,땅,Alchol,0.50%,Detrimindexta,0.50%,Dew_Laden_Moss,0.20%,Feather,20.00%,Crystal_Blue,8.00%,Mushroom_Spore,55.00%,Mushroom_Spore,55.00%,Poison_Spore,55.00%,,,,,,
1085,Red Mushroom,,1,식물,땅,Alchol,0.50%,Karvodailnirol,0.50%,Dew_Laden_Moss,0.20%,Feather,20.00%,Boody_Red,10.00%,Mushroom_Spore,55.00%,Mushroom_Spore,55.00%,Poison_Spore,55.00%,,,,,,
1182,Thief Mushroom,,1,식물,땅,Mushroom_Of_Thief_1,15.00%,Mushroom_Of_Thief_2,30.00%,,,,,,,,,,,,,,,,,,
1184,Fabre,,1,곤충,땅,Fluff,20.00%,Feather,2.50%,Club_,0.80%,Azure_Jewel,0.02%,Green_Herb,3.50%,Clover,5.00%,Club,2.00%,,,,,,,,
1187,Switch,,1,무형,무속성,,,,,,,,,,,,,,,,,,,,,,
1395,Wind Crystal,,1,무형,무속성,Piece_Of_Cake,38.00%,Candy_Striper,45.00%,White_Chocolate,50.00%,Gift_Box_2,49.00%,Cone_Hat_,70.00%,Banana_Juice,65.00%,Chocolate,50.00%,Yggdrasilberry,2.00%,,,,,,
1396,Earth Crystal,,1,무형,무속성,Piece_Of_Cake,38.00%,Candy_Striper,45.00%,White_Chocolate,50.00%,Gift_Box_4,49.00%,Cone_Hat_,70.00%,Apple_Juice,65.00%,Chocolate,50.00%,Seed_Of_Yggdrasil,2.50%,,,,,,
1397,Fire Crystal,,1,무형,무속성,Piece_Of_Cake,38.00%,Candy_Striper,45.00%,White_Chocolate,50.00%,Gift_Box_1,49.00%,Cone_Hat_,70.00%,Carrot_Juice,65.00%,Chocolate,50.00%,Branch_Of_Dead_Tree,3.00%,,,,,,
1398,Water Crystal,,1,무형,무속성,Piece_Of_Cake,38.00%,Candy_Striper,45.00%,White_Chocolate,50.00%,Gift_Box_3,49.00%,Cone_Hat_,70.00%,Grape_Juice,65.00%,Chocolate,50.00%,Old_Blue_Box,1.00%,,,,,,
1725,Poring,,1,식물,물,,,,,,,,,,,,,,,,,,,,,,
1750,Red Plant,,1,식물,땅,,,,,,,,,,,,,,,,,,,,,,
1792,Soccer Ball,,1,무형,무속성,,,,,,,,,,,,,,,,,,,,,,
1877,Crystal,,1,무형,무속성,GOLD_ID4,0.10%,Gift_Box,1.00%,,,,,,,,,,,,,,,,,,
1878,Shining Plant,,1,식물,성,Love_Flower,30.00%,Pointed_Scale,15.00%,Green_Herb,5.00%,Red_Herb,20.00%,Yellow_Herb,15.00%,Fluff,5.00%,,,,,,,,,,
1951,Crystal,,1,무형,무속성,Piece_Of_Cake,38.00%,Candy_Striper,45.00%,White_Chocolate,50.00%,Gift_Box_2,49.00%,Banana_Juice,65.00%,Chocolate,50.00%,Yggdrasilberry,2.00%,,,,,,,,
1952,Crystal,,1,무형,무속성,Piece_Of_Cake,38.00%,Candy_Striper,45.00%,White_Chocolate,50.00%,Gift_Box_4,49.00%,Apple_Juice,65.00%,Chocolate,50.00%,Seed_Of_Yggdrasil,2.50%,,,,,,,,
1953,Crystal,,1,무형,무속성,Piece_Of_Cake,38.00%,Candy_Striper,45.00%,White_Chocolate,50.00%,Gift_Box_1,49.00%,Carrot_Juice,65.00%,Chocolate,50.00%,Branch_Of_Dead_Tree,3.00%,,,,,,,,
1954,Crystal,,1,무형,무속성,Piece_Of_Cake,38.00%,Candy_Striper,45.00%,White_Chocolate,50.00%,Gift_Box_3,49.00%,Grape_Juice,65.00%,Chocolate,50.00%,Old_Blue_Box,1.00%,,,,,,,,
1973,Poring,,1,식물,물,Jellopy,70.00%,Sticky_Mucus,4.00%,Apple,10.00%,Empty_Bottle,15.00%,Water_Of_Blessing,30.00%,,,,,,,,,,,,
2057,Cramp,,1,식물,물,,,,,,,,,,,,,,,,,,,,,,
1007,Fabre,,2,곤충,땅,Fluff,65.00%,Feather,5.00%,Club_,0.80%,Azure_Jewel,0.05%,Green_Herb,7.00%,Clover,10.00%,Club,2.00%,Fabre_Card,0.01%,,,,,,
1008,Pupa,,2,곤충,땅,Phracon,0.80%,Chrysalis,55.00%,Sticky_Mucus,6.00%,Guard_,0.02%,Shell,10.00%,Sticky_Mucus,6.00%,Iron_Ore,2.00%,Pupa_Card,0.01%,,,,,,
1090,Mastering,,2,식물,물,Snowy_Horn,2.00%,Unripe_Apple,0.50%,Scarlet_Jewel,10.00%,Angel's_Safeguard,10.00%,Apple,80.00%,Apple,80.00%,Apple_Juice,40.00%,Mastering_Card,0.01%,,,,,,
1229,Fabre,,2,곤충,땅,Fluff,65.00%,Feather,6.00%,Club_,0.80%,Azure_Jewel,0.08%,Green_Herb,7.50%,Clover,15.00%,Club,2.00%,Fabre_Card,0.01%,,,,,,
1230,Pupa,,2,곤충,땅,Phracon,3.00%,Chrysalis,60.00%,Sticky_Mucus,7.00%,Guard_,0.02%,Shell,13.00%,Sticky_Mucus,7.00%,Iron_Ore,3.00%,Pupa_Card,0.01%,,,,,,
1047,Peco Peco Egg,,3,무형,무속성,Phracon,2.50%,Shell,15.00%,Guard_,0.02%,Red_Herb,4.00%,Red_Herb,4.00%,Empty_Bottle,18.00%,White_Platter,0.10%,Pecopeco_Egg_Card,0.01%,,,,,,
1049,Picky,,3,동물,불,Feather_Of_Birds,90.00%,Feather,7.00%,Cotton_Shirt_,1.50%,Red_Herb,5.50%,Milk,3.00%,Yellow_Gemstone,0.50%,Picky_Card,0.01%,,,,,,,,
1062,Santa Poring,,3,식물,성,Candy,20.00%,Candy_Striper,10.00%,Red_Herb,10.00%,Apple,10.00%,Santa's_Hat,1.00%,Apple,0.07%,Poring__Card,0.01%,,,,,,,,
1063,Lunatic,,3,동물,무속성,Clover,65.00%,Feather,10.00%,Pierrot_Nose,0.04%,Apple,20.00%,Red_Herb,6.00%,Carrot,11.00%,Rainbow_Carrot,0.20%,Lunatic_Card,0.01%,,,,,,
1113,Drops,,3,식물,불,Jellopy,75.00%,Rod_,0.80%,Sticky_Mucus,5.00%,Apple,11.00%,Empty_Bottle,17.00%,Apple,8.00%,Orange_Juice,0.20%,Drops_Card,0.01%,,,,,,
1232,Peco Peco Egg,,3,무형,무속성,Phracon,1.20%,Shell,15.00%,Guard_,0.02%,Red_Herb,4.50%,Red_Herb,4.50%,Empty_Bottle,20.00%,White_Platter,0.15%,Pecopeco_Egg_Card,0.01%,,,,,,
1240,Picky,,3,동물,불,Feather_Of_Birds,65.00%,Feather,8.50%,Cotton_Shirt_,1.50%,Red_Herb,6.50%,Milk,3.50%,Yellow_Gemstone,0.60%,Picky_Card,0.01%,,,,,,,,
1572,Drops,,3,식물,불,,,,,,,,,,,,,,,,,,,,,,
1726,Lunatic,,3,동물,무속성,,,,,,,,,,,,,,,,,,,,,,
1010,Willow,,4,식물,땅,Tree_Root,90.00%,Wooden_Block,1.00%,Resin,15.00%,Sweet_Potato,7.00%,Tree_Of_Archer_3,35.00%,Tree_Of_Archer_2,20.00%,Tree_Of_Archer_1,10.00%,Wilow_Card,0.01%,,,,,,
1011,Chonchon,,4,곤충,바람,Iron,0.50%,Shell,65.00%,Jellopy,15.00%,Cutter_,0.55%,Wing_Of_Fly,1.00%,Chonchon_Doll,0.05%,Iron_Ore,1.50%,Chonchon_Card,0.01%,,,,,,
1048,Thief Bug Egg,,4,곤충,어둠,Phracon,3.00%,Chrysalis,50.00%,Guard_,0.02%,Sticky_Mucus,6.00%,Red_Gemstone,1.00%,Black_Ladle,0.10%,Iron_Ore,2.50%,Thief_Bug_Egg_Card,0.01%,,,,,,
1050,Picky,,4,동물,불,Feather_Of_Birds,90.00%,Feather,7.00%,Egg_Shell,0.10%,Red_Herb,6.00%,Milk,3.00%,Yellow_Gemstone,0.50%,Tiny_Egg_Shell,0.10%,Picky__Card,0.01%,,,,,,
1097,Ant Egg,,4,무형,무속성,Phracon,3.20%,Shell,20.00%,Jellopy,20.00%,Sticky_Mucus,6.50%,Empty_Bottle,20.00%,Iron_Ore,2.00%,Andre_Egg_Card,0.01%,,,,,,,,
1183,Chonchon,,4,곤충,바람,Iron,0.50%,Shell,55.00%,Jellopy,15.00%,Cutter_,0.55%,Wing_Of_Fly,1.00%,Chonchon_Doll,0.05%,Chonchon_Card,0.01%,,,,,,,,
1236,Ant Egg,,4,무형,무속성,Phracon,1.35%,Shell,27.40%,Jellopy,30.00%,Sticky_Mucus,7.50%,Empty_Bottle,20.00%,Iron_Ore,2.20%,Andre_Egg_Card,0.01%,,,,,,,,
1241,Picky,,4,동물,불,Feather_Of_Birds,65.00%,Feather,8.50%,Egg_Shell,0.07%,Red_Herb,7.50%,Milk,3.50%,Yellow_Gemstone,0.60%,Picky__Card,0.01%,,,,,,,,
1009,Condor,,5,동물,바람,Talon,90.00%,Bow_,1.50%,Yellow_Gemstone,0.80%,Arrow,55.00%,Meat,4.00%,Feather_Of_Birds,20.00%,Orange,6.00%,Condor_Card,0.01%,,,,,,
1012,Roda Frog,,5,어류,물,Sticky_Webfoot,90.00%,Spawn,5.00%,Green_Herb,3.00%,Azure_Jewel,0.07%,Empty_Bottle,20.00%,Roda_Frog_Card,0.01%,,,,,,,,,,
1901,Condor,,5,천사,성,Heart_Box,50.00%,,,,,,,,,,,,,,,,,,,,
1051,Thief Bug,,6,곤충,무속성,Worm_Peelings,25.00%,Leather_Jacket_,0.80%,Red_Herb,3.50%,Jellopy,20.00%,Leather_Jacket,1.20%,Iron_Ore,2.50%,Thief_Bug_Card,0.01%,,,,,,,,
1093,Eclipse,,6,동물,무속성,Fillet,2.00%,Red_Herb,80.00%,White_Jewel,12.00%,Glass_Bead,15.00%,Four_Leaf_Clover,0.30%,Rainbow_Carrot,0.50%,Angel's_Protection,10.00%,Eclipse_Card,0.01%,,,,,,
1879,Eclipse,,6,동물,무속성,,,,,,,,,,,,,,,,,,,,,,
1167,Savage Babe,,7,동물,땅,Animal's_Skin,90.00%,Axe_,1.00%,Meat,5.00%,Arrow,10.00%,Feather,8.50%,Phracon,0.80%,Sweet_Milk,0.40%,Savage_Babe_Card,0.01%,,,,,,
1727,Savage Babe,,7,동물,땅,,,,,,,,,,,,,,,,,,,,,,
1004,Hornet,,8,곤충,바람,Wind_Of_Verdure,0.80%,Bee_Sting,90.00%,Jellopy,35.00%,Main_Gauche_,0.15%,Green_Herb,3.50%,Honey,1.50%,Hornet_Card,0.01%,,,,,,,,
1005,Familiar,,8,동물,어둠,Tooth_Of_Bat,55.00%,Falchion_,0.20%,Ribbon_,0.15%,Wing_Of_Fly,0.50%,Grape,1.00%,Red_Herb,7.00%,Center_Potion,0.50%,Farmiliar_Card,0.01%,,,,,,
1091,Dragon Fly,,8,곤충,바람,Sweet_Gents,2.00%,Red_Herb,80.00%,Violet_Jewel,15.00%,Chonchon_Doll,20.00%,Clip,30.00%,Lusty_Iron,0.50%,Grape_Juice,30.00%,Dragon_Fly_Card,0.01%,,,,,,
1419,Familiar,,8,동물,어둠,,,,,,,,,,,,,,,,,,,,,,
1052,Rocker,,9,곤충,땅,Grasshopper's_Leg,90.00%,Guitar_Of_Vast_Land,0.10%,Green_Feeler,0.04%,Javelin_,0.80%,Leaflet_Of_Hinal,0.10%,Grasshopper_Doll,0.10%,Hinalle,0.10%,Rocker_Card,0.01%,,,,,,
1107,Baby Desert Wolf,,9,동물,불,Phracon,0.85%,Animal's_Skin,55.00%,Adventurere's_Suit_,0.80%,Meat,6.00%,Cotton_Shirt,2.00%,Asura_,0.05%,Orange,10.00%,Desert_Wolf_Babe_Card,0.01%,,,,,,
1728,Baby Desert Wolf,,9,동물,불,,,,,,,,,,,,,,,,,,,,,,
1053,Thief Bug Female,,10,곤충,어둠,Worm_Peelings,35.00%,Garlet,2.50%,Blade_,0.15%,Insect_Feeler,2.00%,Red_Herb,4.00%,Red_Gemstone,0.50%,Iron_Ore,3.00%,Thief_Bug_Female_Card,0.01%,,,,,,
1076,Skeleton,,10,언데드,불사,Phracon,0.90%,Skel_Bone,8.00%,Mace_,0.80%,Jellopy,30.00%,Red_Herb,8.50%,Skul_Ring,0.30%,Skeleton_Card,0.01%,,,,,,,,
1089,Toad,,10,어류,물,Big_Sis'_Ribbon,0.50%,Honey,20.00%,Bluish_Green_Jewel,10.00%,Glass_Bead,15.00%,Alchol,1.00%,Detrimindexta,1.00%,Kiss_Of_Angel,10.00%,Toad_Card,0.01%,,,,,,
1161,Plankton,,10,식물,물,Single_Cell,90.00%,Garlet,3.00%,Sticky_Mucus,7.00%,Alchol,0.04%,Empty_Bottle,10.00%,Dew_Laden_Moss,0.20%,Center_Potion,0.50%,Plankton_Card,0.01%,,,,,,
1247,Antonio,,10,식물,성,Red_Socks_With_Holes,100.00%,Gift_Box,2.00%,Well_Baked_Cookie,15.00%,Piece_Of_Cake,10.00%,Candy,55.00%,Candy_Striper,55.00%,Santa's_Hat,2.50%,Antonio_Card,0.01%,,,,,,
1858,Plankton,,10,식물,물,Single_Cell,90.00%,Sago,3.00%,Sticky_Mucus,7.00%,Alchol,0.04%,Empty_Bottle,10.00%,Dew_Laden_Moss,0.20%,Center_Potion,0.50%,Plankton_Card,0.01%,,,,,,
1962,Christmas Thief,,10,인간형,무속성,,,,,,,,,,,,,,,,,,,,,,
1070,Kukre,,11,어류,물,Crystal_Blue,0.30%,Worm_Peelings,55.00%,Garlet,4.00%,Monster's_Feed,5.00%,Red_Herb,6.50%,Insect_Feeler,4.50%,Earthworm_The_Dude,0.20%,Kukre_Card,0.01%,,,,,,
1175,Tarou,,11,동물,어둠,Rat_Tail,90.00%,Animal's_Skin,30.00%,Feather,8.00%,Monster's_Feed,10.00%,Ora_Ora,0.02%,Tarou_Card,0.01%,,,,,,,,,,
1020,Mandragora,,12,식물,땅,Yellow_Live,0.50%,Stem,90.00%,Spear_,0.30%,Green_Herb,3.50%,Shoot,3.00%,Four_Leaf_Clover,0.03%,Whip_Of_Earth,0.10%,Mandragora_Card,0.01%,,,,,,
1589,Mandragora,,12,식물,땅,,,,,,,,,,,,,,,,,,,,,,
1690,Spring Rabbit,,12,동물,땅,Hometown_Gift,1.00%,Lucky_Cookie01,3.00%,Lucky_Cookie03,3.00%,Bag_Of_Nuts,50.00%,,,,,,,,,,,,,,
1815,Rice Cake,,12,무형,무속성,Small_Rice_Dough,100.00%,Small_Rice_Dough,100.00%,Small_Rice_Dough,100.00%,Small_Rice_Dough,100.00%,Small_Rice_Dough,100.00%,Small_Rice_Dough,50.00%,Small_Rice_Dough,40.00%,Small_Rice_Dough,30.00%,,,,,,
1816,Gourd,,12,무형,무속성,Apple,100.00%,,,,,,,,,,,,,,,,,,,,
1859,Mandragora,,12,식물,땅,Yellow_Live,0.50%,Stem,90.00%,Spear_,0.30%,Langka,3.50%,Shoot,3.00%,Four_Leaf_Clover,0.03%,Whip_Of_Earth,0.10%,Mandragora_Card,0.01%,,,,,,
1898,Zombie,,12,언데드,불사,Jade_Plate,100.00%,,,,,,,,,,,,,,,,,,,,
1094,Ambernite,,13,곤충,물,Crystal_Blue,0.50%,Snail's_Shell,90.00%,Garlet,12.00%,Shell,30.00%,Solid_Shell,0.02%,Elunium_Stone,0.14%,Iron_Ore,1.50%,Ambernite_Card,0.01%,,,,,,
1024,Wormtail,,14,식물,땅,Yellow_Live,0.60%,Emveretarcon,0.25%,Pointed_Scale,55.00%,Pike_,0.30%,Yellow_Herb,0.70%,Azure_Jewel,0.05%,Green_Lace,1.00%,Worm_Tail_Card,0.01%,,,,,,
1031,Poporing,,14,식물,독,Sticky_Mucus,55.00%,Garlet,15.00%,Green_Herb,5.00%,Grape,2.00%,Apple,0.05%,Main_Gauche,0.05%,Apple,2.50%,Poporing_Card,0.01%,,,,,,
1068,Hydra,,14,식물,물,Emveretarcon,0.25%,Tentacle,55.00%,Sticky_Mucus,15.00%,Detrimindexta,0.20%,Panacea,0.05%,Meat,7.00%,Hydra_Card,0.01%,,,,,,,,
1579,Hydra,,14,식물,물,,,,,,,,,,,,,,,,,,,,,,
2081,Strange Hydra,,14,식물,물,,,,,,,,,,,,,,,,,,,,,,
1015,Zombie,,15,언데드,불사,Decayed_Nail,90.00%,Cardinal_Jewel_,0.05%,Sticky_Mucus,10.00%,Horrendous_Mouth,0.50%,White_Jewel,0.70%,Zombie_Card,0.01%,,,,,,,,,,
1025,Boa,,15,동물,땅,Scale_Of_Snakes,90.00%,Katana_,0.15%,Red_Herb,9.00%,Emveretarcon,0.35%,Posionous_Canine,8.00%,Shining_Scales,0.01%,Strawberry,6.00%,Snake_Card,0.01%,,,,,,
1074,Shellfish,,15,어류,물,Clam_Shell,55.00%,Flesh_Of_Clam,10.00%,Stone,5.00%,Grit,10.00%,Sparkling_Dust,0.10%,Elunium_Stone,0.18%,Shellfish_Card,0.01%,,,,,,,,
1242,Marin,,15,식물,물,Garlet,32.00%,Sticky_Mucus,15.00%,Cold_Scroll_2_1,1.00%,Skyblue_Jewel,0.40%,Blue_Herb,0.75%,Candy,3.50%,Poring_Hat,0.01%,Marin_Card,0.01%,,,,,,
1394,Zombie,,15,언데드,불사,,,,,,,,,,,,,,,,,,,,,,
1520,Boiled Rice,,15,식물,물,Rice_Ball,55.00%,Meat_Dumpling_Doll,30.00%,Soft_Leaf,10.00%,Great_Leaf,10.00%,,,,,,,,,,,,,,
1595,Marin,,15,식물,물,,,,,,,,,,,,,,,,,,,,,,
1747,Boa,,15,동물,땅,,,,,,,,,,,,,,,,,,,,,,
1841,Snake Lord's Minion,,15,동물,땅,Gold_Coin_US,20.00%,Green_Ale_US,2.00%,Treasure_Box_,0.10%,,,,,,,,,,,,,,,,
1857,Marin,,15,식물,물,Garlet,32.00%,Sticky_Mucus,15.00%,Cold_Scroll_2_1,1.00%,Skyblue_Jewel,0.40%,Ube_Jam,0.75%,Candy,3.50%,Poring_Hat,0.01%,Marin_Card,0.01%,,,,,,
1014,Spore,,16,식물,물,Mushroom_Spore,90.00%,Red_Herb,8.00%,Blue_Herb,0.50%,Spore_Doll,0.10%,Hat,0.40%,Poison_Spore,0.05%,Strawberry,6.00%,Spore_Card,0.01%,,,,,,
1018,Creamy,,16,곤충,바람,Powder_Of_Butterfly,90.00%,Silk_Robe_,0.10%,Honey,1.50%,Wing_Of_Butterfly,1.00%,Fancy_Flower,0.02%,Flower,5.00%,Wind_Scroll_1_3,1.00%,Creamy_Card,0.01%,,,,,,
1174,Stainer,,16,곤충,바람,Wind_Of_Verdure,0.70%,Emveretarcon,0.30%,Colorful_Shell,90.00%,Garlet,21.00%,Elunium_Stone,0.25%,Solid_Shell,0.10%,Iron_Ore,3.00%,Stainer_Card,0.01%,,,,,,
1231,Creamy,,16,곤충,바람,Powder_Of_Butterfly,60.00%,Silk_Robe_,0.10%,Honey,1.80%,Wing_Of_Butterfly,2.00%,Fancy_Flower,0.04%,Flower,8.00%,Creamy_Card,0.01%,,,,,,,,
1042,Steel Chonchon,,17,곤충,바람,Wind_Of_Verdure,0.90%,Steel,0.30%,Garlet,24.00%,Shell,90.00%,Solid_Shell,0.30%,Iron,2.00%,Iron_Ore,3.00%,Steel_Chonchon_Card,0.01%,,,,,,
1055,Muka,,17,식물,땅,Yellow_Live,0.70%,Cactus_Needle,90.00%,Empty_Bottle,20.00%,Green_Herb,4.00%,Red_Herb,10.00%,Guisarme,0.50%,Iron_Ore,2.50%,Muka_Card,0.01%,,,,,,
1095,Andre,,17,곤충,땅,Worm_Peelings,90.00%,Garlet,10.00%,Sticky_Mucus,5.00%,Yellow_Live,0.50%,Sparkling_Dust,0.04%,Iron_Ore,3.50%,Elunium_Stone,0.28%,Andre_Card,0.01%,,,,,,
1104,Coco,,17,동물,땅,Acorn,90.00%,Hood_,0.20%,Fluff,30.00%,Animal's_Skin,25.00%,Sweet_Potato,5.00%,Sandals_,0.25%,Strawberry,6.00%,Coco_Card,0.01%,,,,,,
1162,Rafflesia,,17,식물,땅,Root_Of_Maneater,55.00%,Scell,16.00%,Four_Leaf_Clover,0.02%,Ment,0.10%,Hinalle,0.10%,Shoot,5.50%,White_Herb,0.30%,Rafflesia_Card,0.01%,,,,,,
1237,Andre,,17,곤충,땅,Worm_Peelings,60.00%,Garlet,30.00%,Sticky_Mucus,10.00%,Shell,30.00%,Sparkling_Dust,0.06%,Iron_Ore,3.50%,Elunium_Stone,0.28%,Andre_Card,0.01%,,,,,,
1790,Rafflesia,,17,식물,땅,Golden_Jewel_,30.00%,Red_Jewel_,40.00%,Blue_Jewel_,20.00%,,,,,,,,,,,,,,,,
1854,Muka,,17,식물,땅,Yellow_Live,0.70%,Cactus_Needle,90.00%,Empty_Bottle,20.00%,Kaong,4.00%,Red_Herb,10.00%,Guisarme,0.50%,Iron_Ore,2.50%,Muka_Card,0.01%,,,,,,
1860,Coco,,17,동물,땅,Acorn,90.00%,Hood_,0.20%,Fluff,30.00%,Animal's_Skin,25.00%,Sweet_Potato,5.00%,Sandals_,0.25%,Sweet_Bean,6.00%,Coco_Card,0.01%,,,,,,
1056,Smokie,,18,동물,땅,Raccoon_Leaf,55.00%,Animal's_Skin,55.00%,Sweet_Potato,8.00%,Cat_Hairband,0.01%,Raccoondog_Doll,0.02%,Zargon,0.05%,Bluish_Green_Jewel,0.02%,Smokie_Card,0.01%,,,,,,
1088,Vocal,,18,곤충,땅,Oldman's_Romance,0.50%,Grasshopper's_Leg,80.00%,Azure_Jewel,10.00%,Grasshopper_Doll,15.00%,Angel's_Arrival,10.00%,Center_Potion,7.00%,Guitar_Of_Gentle_Breeze,0.10%,Vocal_Card,0.01%,,,,,,
1120,Ghostring,,18,악마,유령,Transparent_Cloth,53.35%,Ghost_Bandana,1.00%,Thief_Clothes_,0.50%,Branch_Of_Dead_Tree,5.00%,Old_Blue_Box,0.10%,Emperium,0.30%,Ghost_Scroll_1_5,1.00%,Ghostring_Card,0.01%,,,,,,
1128,Horn,,18,곤충,땅,Yellow_Live,0.80%,Emveretarcon,0.35%,Horn,55.00%,Guisarme_,0.15%,Shell,55.00%,Solid_Shell,0.70%,Horn_Card,0.01%,,,,,,,,
1145,Martin,,18,동물,땅,Moustache_Of_Mole,90.00%,Nail_Of_Mole,5.00%,Jur_,0.10%,Goggle_,0.05%,Safety_Helmet,0.01%,Battered_Pot,0.10%,Goggle,0.15%,Martin_Card,0.01%,,,,,,
1160,Piere,,18,곤충,땅,Worm_Peelings,90.00%,Garlet,11.00%,Sticky_Mucus,6.00%,Wind_Of_Verdure,0.30%,Sparkling_Dust,0.05%,Iron_Ore,4.00%,Elunium_Stone,0.31%,Andre_Card,0.01%,,,,,,
1238,Piere,,18,곤충,땅,Worm_Peelings,57.00%,Garlet,11.00%,Sticky_Mucus,6.00%,Wind_Of_Verdure,0.15%,Sparkling_Dust,0.05%,Iron_Ore,4.00%,Elunium_Stone,0.31%,Andre_Card,0.01%,,,,,,
1266,Aster,,18,어류,땅,Sticky_Mucus,5.00%,Coral_Reef,0.40%,Single_Cell,12.00%,Yellow_Herb,2.00%,Zargon,0.60%,Apple,1.00%,Aster_Card,0.01%,,,,,,,,
1561,Smokie,,18,동물,땅,,,,,,,,,,,,,,,,,,,,,,
1576,Ghostring,,18,악마,유령,,,,,,,,,,,,,,,,,,,,,,
1581,Vocal,,18,곤충,땅,,,,,,,,,,,,,,,,,,,,,,
1811,Bandit,,18,동물,땅,Sunglasses,1.00%,Tiger_Skin_Panties,5.00%,Aloebera,10.00%,Ice_Cream,20.00%,Bamboo_Basket,5.00%,,,,,,,,,,,,
1862,Martin,,18,동물,땅,Moustache_Of_Mole,90.00%,Macapuno,5.00%,Jur_,0.10%,Goggle_,0.05%,Safety_Helmet,0.01%,Battered_Pot,0.10%,Goggle,0.15%,Martin_Card,0.01%,,,,,,
1019,Peco Peco,,19,동물,불,Bill_Of_Birds,90.00%,Sandals_,0.20%,Yellow_Herb,2.00%,Red_Herb,9.00%,Wand,1.00%,Orange,10.00%,Pecopeco_Card,0.01%,,,,,,,,
1054,Thief Bug Male,,19,곤충,어둠,Emveretarcon,0.40%,Insect_Feeler,55.00%,Worm_Peelings,15.00%,Slayer_,0.10%,Yellow_Herb,0.90%,Bluish_Green_Jewel,0.05%,Katana,0.50%,Thief_Bug_Male_Card,0.01%,,,,,,
1066,Vadon,,19,어류,물,Crystal_Blue,0.40%,Nipper,90.00%,Garlet,30.00%,Padded_Armor_,0.05%,Solid_Shell,1.00%,Elunium_Stone,0.40%,Blue_Gemstone,0.50%,Vadon_Card,0.01%,,,,,,
1077,Poison Spore,,19,식물,독,Poison_Spore,90.00%,Hat_,0.20%,Green_Herb,5.50%,Blue_Herb,0.60%,Karvodailnirol,0.50%,Mushroom_Spore,12.00%,Zargon,0.05%,Poison_Spore_Card,0.01%,,,,,,
1105,Deniro,,19,곤충,땅,Worm_Peelings,90.00%,Garlet,30.00%,Sticky_Mucus,12.00%,Boody_Red,0.50%,Sparkling_Dust,0.08%,Iron_Ore,4.50%,Elunium_Stone,0.34%,Andre_Card,0.01%,,,,,,
1234,Yoyo,,19,동물,땅,Yoyo_Tail,60.00%,Cacao,5.00%,Yellow_Herb,1.30%,Animal's_Skin,55.00%,Monkey_Doll,0.07%,Strawberry,5.00%,Orange,10.00%,Yoyo_Card,0.01%,,,,,,
1239,Deniro,,19,곤충,땅,Worm_Peelings,60.00%,Garlet,30.00%,Sticky_Mucus,12.00%,Boody_Red,0.45%,Sparkling_Dust,0.08%,Iron_Ore,4.50%,Elunium_Stone,0.34%,Andre_Card,0.01%,,,,,,
1428,Poison Spore,,19,식물,독,,,,,,,,,,,,,,,,,,,,,,
1608,Thief Bug Male,,19,곤충,어둠,,,,,,,,,,,,,,,,,,,,,,
1855,Poison Spore,,19,식물,독,Poison_Spore,90.00%,Hat_,0.20%,Green_Herb,5.50%,Gulaman,0.60%,Karvodailnirol,0.50%,Mushroom_Spore,12.00%,Zargon,0.05%,Poison_Spore_Card,0.01%,,,,,,
1971,Vadon,,19,어류,물,Crystal_Blue,0.40%,Nipper,90.00%,Garlet,30.00%,Padded_Armor_,0.10%,Solid_Shell,1.00%,Elunium_Stone,0.80%,Blue_Gemstone,0.50%,Vadon_Card,0.01%,,,,,,
1033,Elder Willow,,20,식물,불,Boody_Red,0.50%,Resin,90.00%,Wooden_Block,3.50%,Elunium_Stone,0.40%,Wooden_Mail_,0.30%,Fire_Scroll_1_3,1.00%,Branch_Of_Dead_Tree,1.00%,Elder_Wilow_Card,0.01%,,,,,,
1073,Crab,,20,어류,물,Crap_Shell,55.00%,Nipper,15.00%,Stone,7.00%,Sparkling_Dust,0.13%,Elunium_Stone,0.37%,Crab_Card,0.01%,,,,,,,,,,
1096,Angeling,,20,천사,성,Angelic_Chain,1.00%,Scapulare_,0.60%,Leaf_Of_Yggdrasil,5.00%,Spirit_Chain,0.01%,White_Herb,20.00%,Apple,0.28%,Emperium,0.40%,Angeling_Card,0.01%,,,,,,
1176,Vitata,,20,곤충,땅,Yellow_Live,0.90%,Worm_Peelings,50.00%,Scell,2.00%,Honey,3.50%,Honey,3.50%,Royal_Jelly,2.00%,Oridecon_Stone,0.26%,Vitata_Card,0.01%,,,,,,
1568,Angeling,,20,천사,성,,,,,,,,,,,,,,,,,,,,,,
1574,Elder Willow,,20,식물,불,,,,,,,,,,,,,,,,,,,,,,
1828,Gullinbrusti,,20,동물,땅,Bag_Of_Rice,60.00%,Lucky_Candy,90.00%,Lucky_Candy_Cane,80.00%,,,,,,,,,,,,,,,,
1057,Yoyo,,21,동물,땅,Yoyo_Tail,90.00%,Banana,15.00%,Yellow_Herb,2.00%,Cacao,9.00%,Monkey_Doll,0.10%,Oridecon_Stone,0.24%,Strawberry,10.00%,Yoyo_Card,0.01%,,,,,,
1114,Dustiness,,21,곤충,바람,Moth_Dust,90.00%,Wing_Of_Moth,5.00%,Masquerade,0.04%,Insect_Feeler,20.00%,Sparkling_Dust,0.10%,Red_Herb,12.00%,Dustiness_Card,0.01%,,,,,,,,
1141,Marina,,21,식물,물,Single_Cell,50.00%,Sticky_Mucus,15.00%,Crystal_Blue,0.45%,Mistic_Frozen,0.02%,Blue_Gemstone,2.00%,Deadly_Noxious_Herb,0.20%,Marina_Card,0.01%,,,,,,,,
1254,Raggler,,21,동물,바람,Cyfar,30.00%,Feather_Of_Birds,50.00%,Center_Potion,2.00%,Grape,2.00%,Wind_Of_Verdure,0.90%,Goggle_,0.07%,Oridecon_Stone,0.32%,Raggler_Card,0.01%,,,,,,
1445,Raggler,,21,동물,바람,,,,,,,,,,,,,,,,,,,,,,
1686,Orc Baby,,21,인간형,땅,Large_Jellopy,10.00%,Pacifier,1.00%,Viking_Helm,0.01%,Milk,50.00%,Milk_Bottle,2.00%,Bib,1.00%,Orc_Baby_Card,0.01%,,,,,,,,
1972,Marina,,21,식물,물,Single_Cell,50.00%,Sticky_Mucus,15.00%,Crystal_Blue,0.90%,Mistic_Frozen,0.04%,Blue_Gemstone,2.00%,Deadly_Noxious_Herb,0.40%,Marina_Card,0.01%,,,,,,,,
1034,Thara Frog,,22,어류,물,Emveretarcon,0.45%,Spawn,55.00%,Scell,6.00%,White_Herb,0.30%,Red_Jewel,0.05%,Sticky_Webfoot,20.00%,Thara_Frog_Card,0.01%,,,,,,,,
1058,Metaller,,22,곤충,불,Boody_Red,0.60%,Grasshopper's_Leg,65.00%,Scell,4.00%,Elunium_Stone,0.49%,Singing_Plant,0.20%,Shell,30.00%,Guitar_Of_Passion,0.10%,Metaller_Card,0.01%,,,,,,
1126,Goblin,,22,인간형,물,Iron,1.50%,Scell,90.00%,Wand_,0.15%,Buckler_,0.01%,Goblin_Mask_03,0.15%,Red_Herb,15.00%,Yellow_Herb,2.20%,Goblin_Card,0.01%,,,,,,
1538,Goblin,,22,인간형,물,,,,,,,,,,,,,,,,,,,,,,
1030,Anacondaq,,23,동물,독,Emveretarcon,0.50%,Posionous_Canine,90.00%,Glaive_,0.10%,Scale_Of_Snakes,15.00%,Scales_Shell,2.00%,Yellow_Herb,1.50%,Oridecon_Stone,0.50%,Anacondaq_Card,0.01%,,,,,,
1067,Cornutus,,23,어류,물,Crystal_Blue,0.45%,Conch,55.00%,Scell,8.00%,Elunium_Stone,0.53%,Shield_,0.05%,Solid_Shell,10.00%,Blue_Gemstone,1.00%,Cornutus_Card,0.01%,,,,,,
1103,Caramel,,23,동물,땅,Porcupine_Spike,90.00%,Coat_,0.05%,Animal's_Skin,55.00%,Glaive_,0.10%,Spear_,0.15%,Pike_,0.20%,Caramel_Card,0.01%,,,,,,,,
1125,Goblin,,23,인간형,땅,Yellow_Live,1.00%,Iron,1.70%,Goblin_Mask_01,0.15%,Gangster_Patch,0.03%,Smasher_,0.10%,Buckler_,0.01%,Red_Herb,15.00%,Goblin_Card,0.01%,,,,,,
1178,Zerom,,23,인간형,불,Emveretarcon,0.55%,Iron,1.90%,G_Strings,2.00%,Ganster_Mask,0.03%,Cuffs,0.10%,Iron_Ore,3.00%,Iron_Ore,3.00%,Zerom_Card,0.01%,,,,,,
1470,Zerom,,23,인간형,불,,,,,,,,,,,,,,,,,,,,,,
1537,Goblin,,23,인간형,땅,,,,,,,,,,,,,,,,,,,,,,
1627,Anopheles,,23,곤충,바람,Wing_Of_Fly,10.00%,Spawns,5.00%,Anopheles_Card,0.01%,,,,,,,,,,,,,,,,
1748,Anacondaq,,23,동물,독,,,,,,,,,,,,,,,,,,,,,,
1784,Stapo,,23,무형,땅,Jellopy,10.00%,Jubilee,10.00%,Apple,10.00%,Large_Jellopy,1.00%,Yellow_Live,0.10%,Seismic_Fist,0.03%,Stapo_Card,0.01%,,,,,,,,
1842,Snake Lord's Minion,,23,동물,독,Gold_Coin_US,35.00%,Green_Ale_US,4.00%,Treasure_Box_,0.20%,,,,,,,,,,,,,,,,
1001,Scorpion,,24,곤충,불,Boody_Red,0.70%,Scorpion's_Tail,55.00%,Elunium_Stone,0.57%,Solid_Shell,2.10%,Fine_Grit,1.00%,Yellow_Herb,2.00%,Lusty_Iron,0.20%,Scorpion_Card,0.01%,,,,,,
1023,Orc Warrior,,24,인간형,땅,Iron,2.10%,Orcish_Voucher,90.00%,Oridecon_Stone,0.40%,Cigar,0.03%,Battle_Axe_,0.10%,Orcish_Axe,0.05%,Axe,1.00%,Orc_Warrior_Card,0.01%,,,,,,
1064,Megalodon,,24,언데드,불사,Rotten_Scale,55.00%,Skel_Bone,15.00%,Blue_Herb,0.80%,Blue_Gemstone,1.20%,Violet_Jewel,0.10%,Old_Blue_Box,0.02%,Rotten_Fish,0.20%,Megalodon_Card,0.01%,,,,,,
1092,Vagabond Wolf,,24,동물,땅,Western_Grace,2.00%,Claw_Of_Wolves,80.00%,Golden_Jewel,15.00%,Star_Dust_Blade,1.00%,Angel's_Warmth,10.00%,Red_Jewel,0.10%,Monster_Juice,0.50%,Vagabond_Wolf_Card,0.01%,,,,,,
1111,Drainliar,,24,동물,어둠,Emveretarcon,0.60%,Tooth_Of_Bat,30.00%,Red_Jewel,0.20%,Red_Herb,10.00%,Wing_Of_Red_Bat,55.00%,Wing_Of_Red_Bat,15.00%,Oridecon_Stone,0.40%,Drainliar_Card,0.01%,,,,,,
1116,Eggyra,,24,무형,유령,Scell,10.00%,Egg_Shell,0.20%,Piece_Of_Egg_Shell,5.50%,Red_Herb,10.00%,Pet_Incubator,3.00%,Center_Potion,2.50%,Elunium_Stone,0.57%,Eggyra_Card,0.01%,,,,,,
1123,Goblin,,24,인간형,불,Iron,2.50%,Scell,90.00%,Indian_Hair_Piece,0.03%,Flail_,0.10%,Buckler_,0.01%,Red_Herb,15.50%,Goblini_Mask,0.03%,Goblin_Card,0.01%,,,,,,
1124,Goblin,,24,인간형,독,Iron,2.30%,Scell,90.00%,Red_Bandana,0.03%,Goblin_Mask_02,0.15%,Buckler_,0.01%,Red_Herb,15.50%,Yellow_Herb,2.20%,Goblin_Card,0.01%,,,,,,
1153,Orc Zombie,,24,언데드,불사,Nail_Of_Orc,55.00%,Sticky_Mucus,30.00%,Emperium,0.01%,Orc_Zombie_Card,0.01%,,,,,,,,,,,,,,
1235,Smoking Orc,,24,인간형,땅,Iron,2.10%,Orcish_Voucher,55.00%,Oridecon_Stone,0.40%,Cigar,0.03%,Battle_Axe_,0.10%,Orcish_Axe,0.05%,Axe,1.00%,Orc_Warrior_Card,0.01%,,,,,,
1434,Drainliar,,24,동물,어둠,,,,,,,,,,,,,,,,,,,,,,
1463,Orc Zombie,,24,언데드,불사,,,,,,,,,,,,,,,,,,,,,,
1535,Goblin,,24,인간형,불,,,,,,,,,,,,,,,,,,,,,,
1536,Goblin,,24,인간형,독,,,,,,,,,,,,,,,,,,,,,,
1559,Scorpion,,24,곤충,불,,,,,,,,,,,,,,,,,,,,,,
1588,Christmas Orc,,24,인간형,땅,Iron,2.10%,Orcish_Voucher,55.00%,Oridecon_Stone,0.40%,Packing_Paper,16.00%,Battle_Axe_,0.10%,Gift_Box,0.15%,Packing_Ribbon,16.00%,Orc_Warrior_Card,0.01%,,,,,,
1013,Wolf,,25,동물,땅,Emveretarcon,0.20%,Claw_Of_Wolves,90.00%,Mantle_,0.10%,Meat,6.50%,Monster's_Feed,10.50%,Animal's_Skin,55.00%,Strawberry,6.00%,Wolf_Card,0.01%,,,,,,
1040,Golem,,25,무형,무속성,Steel,1.50%,Stone_Heart,90.00%,Zargon,2.20%,Elunium_Stone,0.70%,Coal,2.10%,Yellow_Gemstone,2.00%,Iron,3.50%,Golem_Card,0.01%,,,,,,
1060,Bigfoot,,25,동물,땅,Bear's_Foot,90.00%,Poo_Poo_Hat,0.05%,Animal's_Skin,50.00%,Stuffed_Doll,0.80%,Sweet_Potato,15.00%,Honey,4.50%,Oridecon_Stone,0.43%,BigFoot_Card,0.01%,,,,,,
1071,Pirate Skeleton,,25,언데드,불사,Skel_Bone,30.00%,Pirate_Bandana,0.15%,Cookbook06,0.05%,Bandana,2.50%,Falchion,2.50%,Oridecon_Stone,0.43%,Well_Dried_Bone,0.20%,Pirate_Skel_Card,0.01%,,,,,,
1100,Argos,,25,곤충,독,Spiderweb,90.00%,Scell,12.00%,Short_Leg,5.00%,Elunium_Stone,0.61%,Green_Herb,6.70%,Yellow_Herb,2.50%,Bark_Shorts,0.15%,Argos_Card,0.01%,,,,,,
1122,Goblin,,25,인간형,바람,Iron,2.70%,Scell,90.00%,Oridecon_Stone,0.43%,Goblini_Mask,0.03%,Dirk_,0.10%,Buckler_,0.05%,Red_Herb,18.00%,Goblin_Card,0.01%,,,,,,
1245,Christmas Goblin,,25,인간형,바람,Packing_Ribbon,5.50%,Packing_Paper,5.50%,Oridecon_Stone,0.43%,Gift_Box,0.10%,Dirk_,0.10%,Buckler_,0.05%,Santa's_Hat,0.10%,Goblin_Card,0.01%,,,,,,
1265,Cookie,,25,인간형,무속성,Well_Baked_Cookie,10.00%,Candy_Striper,1.50%,Darkgreen_Dyestuffs,0.01%,Great_Chef_Orleans01,0.50%,Sandals_,0.30%,Holy_Scroll_1_3,1.00%,Candy,3.20%,Cookie_Card,0.01%,,,,,,
1392,Rotar Zairo,,25,무형,바람,Large_Jellopy,5.00%,Padded_Armor,0.01%,Cyfar,10.00%,Steel,4.50%,Oridecon,0.01%,Zargon,25.00%,Garlet,55.00%,Rotar_Zairo_Card,0.01%,,,,,,
1430,Argos,,25,곤충,독,,,,,,,,,,,,,,,,,,,,,,
1534,Goblin,,25,인간형,바람,,,,,,,,,,,,,,,,,,,,,,
1540,Golem,,25,무형,무속성,,,,,,,,,,,,,,,,,,,,,,
1557,Rotar Zairo,,25,무형,바람,,,,,,,,,,,,,,,,,,,,,,
1603,Bigfoot,,25,동물,땅,,,,,,,,,,,,,,,,,,,,,,
1607,Christmas Goblin,,25,인간형,바람,,,,,,,,,,,,,,,,,,,,,,
1820,Bigfoot,,25,동물,땅,Wooden_Block_,20.00%,,,,,,,,,,,,,,,,,,,,
1825,Christmas Goblin,,25,인간형,바람,Wooden_Block_,50.00%,,,,,,,,,,,,,,,,,,,,
1863,Spring Rabbit,,25,동물,땅,Peeps,50.00%,Jelly_Bean,50.00%,Marshmallow,50.00%,,,,,,,,,,,,,,,,
1118,Flora,,26,식물,땅,Blossom_Of_Maneater,90.00%,Sunflower,0.03%,Aloe,0.10%,Leaflet_Of_Aloe,0.50%,Singing_Flower,0.20%,Stem,20.00%,Witherless_Rose,0.01%,Flora_Card,0.01%,,,,,,
1127,Hode,,26,동물,땅,Yellow_Live,1.20%,Earthworm_Peeling,90.00%,Elunium_Stone,0.80%,Sticky_Mucus,30.00%,Town_Sword_,0.10%,Foolishness_Of_Blind,0.01%,Fatty_Chubby_Earthworm,0.20%,Hode_Card,0.01%,,,,,,
1138,Magnolia,,26,악마,물,Old_Frying_Pan,90.00%,Garlet,8.00%,Scell,1.00%,Zargon,0.10%,Black_Ladle,0.40%,Yellow_Herb,4.00%,High_end_Cooking_Kits,0.05%,Magnolia_Card,0.01%,,,,,,
1139,Mantis,,26,곤충,땅,Yellow_Live,1.10%,Limb_Of_Mantis,90.00%,Scell,14.00%,Elunium_Stone,0.70%,Solid_Shell,2.50%,Azure_Jewel,0.10%,Red_Herb,6.50%,Mantis_Card,0.01%,,,,,,
1158,Phen,,26,어류,물,Fish_Tail,55.00%,Sharp_Scale,20.00%,Skyblue_Jewel,0.05%,Meat,10.00%,Fin,5.00%,Oridecon_Stone,0.25%,Phen_Card,0.01%,,,,,,,,
1166,Savage,,26,동물,땅,Wild_Boar's_Mane,90.00%,Grape,3.00%,Animal_Blood,0.02%,Eagle_Eyes,0.01%,Anodyne,0.10%,Elunium_Stone,0.70%,Royal_Jelly,0.02%,Savage_Card,0.01%,,,,,,
1221,Savage,,26,동물,땅,Wild_Boar's_Mane,60.00%,Grape,1.50%,Animal_Blood,0.03%,Eagle_Eyes,0.02%,Anodyne,0.15%,Elunium_Stone,0.70%,Savage_Card,0.01%,,,,,,,,
1457,Mantis,,26,곤충,땅,,,,,,,,,,,,,,,,,,,,,,
1575,Flora,,26,식물,땅,,,,,,,,,,,,,,,,,,,,,,
1613,Metaling,,26,무형,무속성,Tube,40.00%,Iron_Ore,10.00%,Iron,5.00%,Large_Jellopy,10.00%,Screw,2.00%,Crimson_Bolt_,0.05%,Jubilee,50.00%,Metaling_Card,0.01%,,,,,,
1856,Magnolia,,26,악마,물,Old_Frying_Pan,90.00%,Garlet,8.00%,Scell,1.00%,Zargon,0.10%,Black_Ladle,0.40%,Leche_Flan,4.00%,High_end_Cooking_Kits,0.05%,Magnolia_Card,0.01%,,,,,,
1106,Desert Wolf,,27,동물,불,Katar_,0.05%,Claw_Of_Desert_Wolf,55.00%,Mink_Coat,0.01%,Meat,12.00%,Claw_Of_Wolves,20.00%,Oridecon_Stone,0.53%,Stiletto_,1.40%,Desert_Wolf_Card,0.01%,,,,,,
1220,Desert Wolf,,27,동물,불,Katar_,0.05%,Claw_Of_Desert_Wolf,55.00%,Mink_Coat,0.01%,Meat,12.00%,Claw_Of_Wolves,20.00%,Oridecon_Stone,0.53%,Desert_Wolf_Card,0.01%,,,,,,,,
1409,Dumpling Child,,27,인간형,무속성,Bamboo_Cut,32.00%,Oil_Paper,25.00%,Pierrot_Nose,0.01%,Blade_Of_Pinwheel,50.00%,Bun,10.00%,Festival_Mask,30.00%,Rice_Cake_Boy_Card,0.01%,,,,,,,,
1432,Desert Wolf,,27,동물,불,,,,,,,,,,,,,,,,,,,,,,
1821,Desert Wolf,,27,동물,불,Wooden_Block_,20.00%,,,,,,,,,,,,,,,,,,,,
1142,Marine Sphere,,28,식물,물,Tendon,50.00%,Detonator,25.00%,Chain_,0.10%,Skyblue_Jewel,0.10%,Blue_Gemstone,1.50%,Transparent_Headgear,0.10%,Marine_Sphere_Card,0.01%,,,,,,,,
1152,Orc Skeleton,,28,언데드,불사,Orcish_Cuspid,55.00%,Skel_Bone,35.00%,Elunium_Stone,0.80%,Viking_Helm,0.02%,Buster_,0.10%,Green_Herb,0.50%,Orc_Skeleton_Card,0.01%,,,,,,,,
1246,Christmas Cookie,,28,인간형,성,Well_Baked_Cookie,15.00%,Scarlet_Jewel,0.45%,Zargon,2.00%,Hood_,0.25%,Gift_Box,0.05%,Cold_Scroll_1_3,1.00%,Red_Herb,17.00%,Cookie_XMAS_Card,0.01%,,,,,,
1258,Goblin Archer,,28,인간형,독,Goblini_Mask,0.03%,Iron,2.50%,Scell,10.00%,Oridecon_Arrow,30.00%,Red_Herb,6.00%,Composite_Bow_,0.25%,Grape,3.00%,Goblin_Archer_Card,0.01%,,,,,,
1462,Orc Skeleton,,28,언데드,불사,,,,,,,,,,,,,,,,,,,,,,
1577,Goblin Archer,,28,인간형,독,,,,,,,,,,,,,,,,,,,,,,
1619,Porcellio,,28,곤충,땅,Jubilee,50.00%,Main_Gauche_,0.25%,Insect_Feeler,10.00%,Single_Cell,30.00%,Dew_Laden_Moss,0.02%,Fluorescent_Liquid,0.30%,Porcellio_Card,0.01%,,,,,,,,
1741,Christmas Cookie,,28,인간형,성,,,,,,,,,,,,,,,,,,,,,,
1904,Bomb Poring,,28,무형,무속성,,,,,,,,,,,,,,,,,,,,,,
1028,Soldier Skeleton,,29,언데드,불사,Skel_Bone,55.00%,Oridecon_Stone,0.60%,Dagger_,0.12%,Red_Herb,7.00%,Mementos,0.10%,Knife,1.50%,Stiletto,0.50%,Soldier_Skeleton_Card,0.01%,,,,,,
1121,Giearth,,29,악마,땅,Great_Nature,0.30%,Coal,1.50%,Elder_Pixie's_Beard,55.00%,Elven_Ears,0.01%,Cap_,0.10%,Sparkling_Dust,1.00%,Giearth_Card,0.01%,,,,,,,,
1562,Soldier Skeleton,,29,언데드,불사,,,,,,,,,,,,,,,,,,,,,,
1591,Lunatic,,29,동물,무속성,Orange_Potion,20.00%,,,,,,,,,,,,,,,,,,,,
1026,Munak,,30,언데드,불사,Danggie,90.00%,Munak_Turban,0.02%,Shoes_,0.15%,Amulet,0.20%,Ninja_Suit,0.01%,Adventure_Suit,1.00%,Girl's_Diary,0.05%,Munak_Card,0.01%,,,,,,
1069,Swordfish,,30,어류,물,Mistic_Frozen,0.10%,Sharp_Scale,90.00%,Oridecon_Stone,0.33%,Snowy_Horn,0.02%,Elunium_Stone,0.50%,Katana_,0.25%,Gill,6.00%,Sword_Fish_Card,0.01%,,,,,,
1119,Frilldora,,30,동물,불,Lizard_Scruff,55.00%,Elunium_Stone,0.90%,Reptile_Tongue,15.00%,Azure_Jewel,0.15%,Yellow_Gemstone,2.00%,Red_Herb,8.00%,Zargon,1.20%,Frilldora_Card,0.01%,,,,,,
1169,Skeleton Worker,,30,언데드,불사,Iron,4.00%,Lantern,55.00%,Elunium_Stone,0.90%,Safety_Helmet,0.02%,Steel,1.00%,Coal,2.00%,Iron_Ore,8.00%,Skel_Worker_Card,0.01%,,,,,,
1243,Sasquatch,,30,동물,무속성,Zargon,7.50%,White_Herb,8.00%,Feather,10.00%,Panda_Cap,0.01%,Bear's_Foot,50.00%,White_Jewel,0.30%,Elunium_Stone,0.90%,Sasquatch_Card,0.01%,,,,,,
1400,Karakasa,,30,무형,무속성,Oil_Paper,50.00%,Bamboo_Cut,42.68%,Wooden_Block,32.00%,Smooth_Paper,22.00%,Zargon,40.74%,Glass_Bead,0.30%,Murasame,0.05%,Karakasa_Card,0.01%,,,,,,
1442,Sasquatch,,30,동물,무속성,,,,,,,,,,,,,,,,,,,,,,
1469,Skeleton Worker,,30,언데드,불사,,,,,,,,,,,,,,,,,,,,,,
1544,Karakasa,,30,무형,무속성,,,,,,,,,,,,,,,,,,,,,,
1610,Munak,,30,언데드,불사,Orange_Potion,20.00%,Slow_Down_Potion,1.00%,Speed_Up_Potion,1.00%,,,,,,,,,,,,,,,,
1827,Sasquatch,,30,동물,무속성,Wooden_Block_,30.00%,,,,,,,,,,,,,,,,,,,,
1964,Nightmare,,30,동물,유령,Blue_Potion,20.00%,Blue_Herb,30.00%,Test_Certificate,50.00%,,,,,,,,,,,,,,,,
1016,Archer Skeleton,,31,언데드,불사,Skel_Bone,45.00%,Oridecon_Stone,0.70%,Apple_Of_Archer,0.03%,Great_Bow_,0.35%,Fire_Arrow,10.00%,Red_Herb,18.00%,Bow,1.50%,Archer_Skeleton_Card,0.01%,,,,,,
1044,Obeaune,,31,어류,물,Mistic_Frozen,0.13%,Heart_Of_Mermaid,90.00%,Fin_Helm,0.01%,Saint_Robe_,0.10%,Skyblue_Jewel,0.10%,Fin,5.00%,Witherless_Rose,0.30%,Obeaune_Card,0.01%,,,,,,
1134,Kobold,,31,인간형,독,Steel,1.00%,Cobold_Hair,53.35%,Zargon,2.00%,Buckler_,0.03%,Yellow_Herb,1.00%,Guard,1.00%,Kobold_Card,0.01%,,,,,,,,
1135,Kobold,,31,인간형,불,Boody_Red,0.35%,Steel,1.00%,Cobold_Hair,53.35%,Zargon,2.00%,Hammer_,0.05%,Buckler_,0.03%,Yellow_Herb,1.00%,Kobold_Card,0.01%,,,,,,
1144,Marse,,31,어류,물,Chinese_Ink,90.00%,Tentacle,30.00%,Blue_Gemstone,2.00%,Skyblue_Jewel,0.10%,Mistic_Frozen,0.12%,Penetration,0.05%,Grape,3.00%,Marse_Card,0.01%,,,,,,
1146,Matyr,,31,동물,어둠,Matyr's_Flea_Guard,0.10%,Monster's_Feed,50.00%,Animal's_Skin,55.00%,Pet_Food,4.00%,Elunium_Stone,1.00%,Grape,2.00%,Matyr_Card,0.01%,,,,,,,,
1177,Zenorc,,31,인간형,어둠,Tooth_Of_,55.00%,Oridecon_Stone,0.70%,Sticky_Mucus,25.00%,Old_Magic_Book,0.05%,Yellow_Herb,1.00%,Shining_Stone,0.20%,Zenorc_Card,0.01%,,,,,,,,
1273,Orc Lady,,31,인간형,땅,Cyfar,46.56%,Iron,3.00%,Earring,0.01%,Wedding_Veil,0.01%,High_end_Cooking_Kits,0.10%,Cookbook06,0.03%,Wedding_Dress,0.01%,Orc_Lady_Card,0.01%,,,,,,
1420,Archer Skeleton,,31,언데드,불사,,,,,,,,,,,,,,,,,,,,,,
1425,Obeaune,,31,어류,물,,,,,,,,,,,,,,,,,,,,,,
1452,Orc Lady,,31,인간형,땅,,,,,,,,,,,,,,,,,,,,,,
1460,Matyr,,31,동물,어둠,,,,,,,,,,,,,,,,,,,,,,
1546,Kobold,,31,인간형,독,,,,,,,,,,,,,,,,,,,,,,
1547,Kobold,,31,인간형,불,,,,,,,,,,,,,,,,,,,,,,
1551,Marse,,31,어류,물,,,,,,,,,,,,,,,,,,,,,,
1582,Deviling,,31,악마,어둠,Petite_DiablOfs_Wing,30.00%,Zargon,48.50%,Satanic_Chain,1.00%,Apple,50.00%,Blade_Lost_In_Darkness,0.01%,Black_Dyestuffs,1.00%,Ghost_Scroll_1_3,1.00%,Deviling_Card,0.01%,,,,,,
1782,Roween,,31,동물,바람,Rotten_Meat,30.00%,Animal's_Skin,30.00%,Wind_Of_Verdure,0.50%,Combo_Battle_Glove,0.02%,Roween_Card,0.01%,,,,,,,,,,,,
1794,Roween,,31,동물,바람,,,,,,,,,,,,,,,,,,,,,,
1970,Obeune,,31,어류,물,Mistic_Frozen,0.26%,Heart_Of_Mermaid,90.00%,Fin_Helm,0.02%,Saint_Robe_,0.20%,Skyblue_Jewel,0.20%,Fin,5.00%,Witherless_Rose,0.60%,Obeaune_Card,0.01%,,,,,,
1188,Bongun,,32,언데드,불사,Short_Daenggie,55.00%,Old_Portrait,0.40%,Worn_Out_Scroll,0.60%,Bongun_Hat,0.01%,Amulet,0.15%,Yellow_Herb,10.00%,Yellow_Herb,12.50%,Bon_Gun_Card,0.01%,,,,,,
1279,Tri Joint,,32,곤충,땅,Cyfar,1.00%,Solid_Shell,3.80%,Aloebera,2.00%,Yellow_Live,1.60%,Sparkling_Dust,1.40%,Elunium_Stone,1.06%,Tri_Joint_Card,0.01%,,,,,,,,
1415,Baby Leopard,,32,동물,유령,Leopard_Skin,52.00%,Leopard_Talon,32.00%,Oridecon_Stone,1.50%,Meat,20.00%,Dagger_,1.00%,Pet_Food,5.00%,Baby_Leopard_Card,0.01%,,,,,,,,
1454,Tri Joint,,32,곤충,땅,,,,,,,,,,,,,,,,,,,,,,
1472,Bongun,,32,언데드,불사,,,,,,,,,,,,,,,,,,,,,,
1524,Baby Leopard,,32,동물,유령,,,,,,,,,,,,,,,,,,,,,,
1611,Bongun,,32,언데드,불사,Orange_Potion,20.00%,Slow_Down_Potion,1.00%,Speed_Up_Potion,1.00%,,,,,,,,,,,,,,,,
1110,Dokebi,,33,악마,어둠,Dokkaebi_Horn,90.00%,Elunium_Stone,1.50%,Sword_Mace_,0.02%,Mighty_Staff,0.01%,Gold,0.01%,Club,3.00%,Hammer_Of_Blacksmith,0.05%,Dokebi_Card,0.01%,,,,,,
1170,Sohee,,33,악마,물,Long_Hair,90.00%,Skirt_Of_Virgin,0.50%,Nurse_Cap,0.01%,Muffler_,0.05%,Stiletto_,0.05%,Red_Herb,10.00%,Inspector_Certificate,3.50%,Sohee_Card,0.01%,,,,,,
1282,Kobold Archer,,33,인간형,불,Zargon,2.50%,Steel,0.60%,Cobold_Hair,48.50%,Ear_Of_Puppy,0.50%,Poison_Arrow,20.00%,CrossBow_,0.05%,Oridecon_Stone,0.79%,Kobold_Archer_Card,0.01%,,,,,,
1404,Miyabi Doll,,33,악마,어둠,Glossy_Hair,53.35%,Old_Japaness_Clothes,25.00%,White_Herb,15.50%,Star_Crumb,12.50%,High_end_Cooking_Kits,0.10%,Hakujin,0.05%,Mandolin_,0.02%,Miyabi_Ningyo_Card,0.01%,,,,,,
1455,Kobold Archer,,33,인간형,불,,,,,,,,,,,,,,,,,,,,,,
1491,Dokebi,,33,악마,어둠,,,,,,,,,,,,,,,,,,,,,,
1552,Miyabi Doll,,33,악마,어둠,,,,,,,,,,,,,,,,,,,,,,
1129,Horong,,34,무형,불,Stone_Heart,65.00%,Zargon,5.00%,Bomb_Wick,0.05%,Fire_Arrow,100.00%,Elunium_Stone,1.18%,Baked_Yam,0.20%,Alchol,0.50%,Horong_Card,0.01%,,,,,,
1165,Sandman,,34,무형,땅,Great_Nature,0.35%,Grit,53.35%,Elunium_Stone,1.18%,Fine_Sand,3.50%,Sparkling_Dust,2.00%,Katar_Of_Thornbush,0.01%,Hypnotist's_Staff_,0.05%,Sand_Man_Card,0.01%,,,,,,
1179,Whisper,,34,악마,유령,Sparkling_Dust,1.50%,Transparent_Cloth,53.35%,Spirit_Chain,0.01%,Silver_Robe_,0.10%,Whisper_Card,0.01%,,,,,,,,,,,,
1185,Whisper,,34,언데드,유령,Sparkling_Dust,0.10%,Transparent_Cloth,1.00%,Silver_Robe_,0.01%,,,,,,,,,,,,,,,,
1186,Giant Whisper,,34,악마,유령,Sparkling_Dust,1.50%,Transparent_Cloth,53.35%,Spirit_Chain,0.01%,Silver_Robe_,0.10%,Whisper_Boss_Card,0.01%,,,,,,,,,,,,
1494,Beetle King,,34,곤충,땅,Solid_Peeling,65.00%,Beetle_Nipper,45.00%,Insect_Feeler,10.00%,Worm_Peelings,5.00%,Guard_,0.01%,Kind_Of_Beetle_Card,0.01%,,,,,,,,,,
1558,Sandman,,34,무형,땅,,,,,,,,,,,,,,,,,,,,,,
1578,Horong,,34,무형,불,,,,,,,,,,,,,,,,,,,,,,
1599,Giant Whisper,,34,악마,유령,,,,,,,,,,,,,,,,,,,,,,
1927,Whisper,,34,악마,유령,Transparent_Cloth,50.00%,Transparent_Cloth,50.00%,,,,,,,,,,,,,,,,,,
1164,Requiem,,35,인간형,어둠,Old_Blue_Box,0.35%,Emperium,0.01%,Zargon,25.00%,Horrendous_Mouth,35.00%,Mementos,15.00%,Mantle_,0.10%,Cookbook06,0.01%,Requiem_Card,0.01%,,,,,,
1248,Cruiser,,35,무형,무속성,Manacles,9.00%,Holy_Bonnet,0.02%,Iron,3.20%,Rough_Wind,0.05%,Scell,35.00%,Branch,0.05%,Oridecon_Stone,0.87%,Cruiser_Card,0.01%,,,,,,
1280,Goblin Steamrider,,35,인간형,바람,Scell,25.00%,Cyfar,38.80%,Iron,3.00%,Steel,0.55%,Coal,3.20%,The_Garrison,0.05%,Elunium_Stone,1.24%,Steam_Goblin_Card,0.01%,,,,,,
1417,Zipper Bear,,35,동물,어둠,Black_Bear's_Skin,44.62%,Mystery_Iron_Bit,35.00%,Royal_Jelly,4.00%,Honey,9.00%,Apple,0.90%,Zipper_Bear_Card,0.01%,,,,,,,,,,
1443,Cruiser,,35,무형,무속성,,,,,,,,,,,,,,,,,,,,,,
1468,Requim,,35,인간형,어둠,,,,,,,,,,,,,,,,,,,,,,
1620,Noxious,,35,무형,유령,Poisonous_Gas,10.00%,Mould_Powder,30.00%,Anodyne,0.50%,Air_Pollutant,30.00%,Old_Blue_Box,0.01%,Noxious_Card,0.01%,,,,,,,,,,
1045,Marc,,36,어류,물,Mistic_Frozen,0.18%,Gill,90.00%,Oridecon_Stone,0.95%,Fin,10.00%,Skyblue_Jewel,0.10%,Blue_Gemstone,2.00%,White_Herb,7.00%,Marc_Card,0.01%,,,,,,
1133,Kobold,,36,인간형,바람,Steel,1.00%,Cobold_Hair,53.35%,Zargon,7.00%,Elunium_Stone,0.25%,Gladius_,0.02%,Buckler_,0.05%,Kobold_Card,0.01%,,,,,,,,
1426,Marc,,36,어류,물,,,,,,,,,,,,,,,,,,,,,,
1509,Lude,,36,언데드,불사,Pumpkin_Bucket,32.00%,Ectoplasm,57.23%,Transparent_Cloth,10.00%,Spirit_Chain,0.10%,Elunium_Stone,0.10%,Holy_Scroll_1_3,1.00%,Lude_Card,0.01%,,,,,,,,
1545,Kobold,,36,인간형,바람,,,,,,,,,,,,,,,,,,,,,,
1628,Holden,,36,동물,땅,Moustache_Of_Mole,50.00%,Nail_Of_Mole,50.00%,Super_Novice_Hat_,0.50%,Six_Shooter_,0.05%,Mole_Card,0.01%,,,,,,,,,,,,
1969,Marc,,36,어류,물,Mistic_Frozen,0.36%,Gill,90.00%,Oridecon_Stone,1.90%,Fin,10.00%,Skyblue_Jewel,0.20%,Blue_Gemstone,2.00%,White_Herb,7.00%,Marc_Card,0.01%,,,,,,
1041,Mummy,,37,언데드,불사,Rotten_Bandage,90.00%,Oridecon_Stone,1.00%,Mementos,5.50%,Glove,0.01%,Silver_Ring,0.10%,Panacea,2.50%,Yellow_Herb,8.50%,Mummy_Card,0.01%,,,,,,
1393,Mummy,,37,언데드,불사,,,,,,,,,,,,,,,,,,,,,,
1985,Dandelion Member,,37,인간형,어둠,,,,,,,,,,,,,,,,,,,,,,
1032,Verit,,38,언데드,불사,Immortal_Heart,90.00%,Zargon,7.00%,Rotten_Bandage,11.00%,White_Herb,6.00%,Skul_Ring,0.01%,Flower_Ring,2.00%,Armlet_Of_Obedience,0.20%,Verit_Card,0.01%,,,,,,
1130,Jakk,,38,무형,불,Pumpkin_Head,90.00%,Zargon,9.00%,Elunium,0.31%,Tights_,0.05%,Frozen_Heart,0.05%,Pumpkin,10.00%,Jakk_Card,0.01%,,,,,,,,
1151,Myst,,38,무형,독,Gas_Mask,0.02%,Wooden_Block,8.00%,Wig,0.10%,Oridecon_Stone,0.65%,Elunium_Stone,0.97%,Anodyne,0.20%,Grape,0.35%,Myst_Card,0.01%,,,,,,
1244,Christmas Jakk,,38,무형,불,Pumpkin_Head,53.35%,Zargon,9.00%,Elunium,0.31%,Tights_,0.05%,Gift_Box,0.20%,Packing_Paper,12.00%,Packing_Ribbon,12.00%,Jakk_Card,0.01%,,,,,,
1249,Myst Case,,38,무형,무속성,Candy_Striper,0.90%,Zargon,15.00%,Old_Blue_Box,0.20%,Piece_Of_Cake,8.00%,Scarlet_Jewel,1.50%,Crystal_Jewel_,0.05%,Candy,3.40%,Mystcase_Card,0.01%,,,,,,
1261,Wild Rose,,38,동물,바람,Cyfar,53.35%,Witherless_Rose,0.50%,Fruit_Shell,1.20%,Arrow_Of_Shadow,30.00%,Rotten_Fish,0.35%,Monster's_Feed,6.00%,Big_Sis'_Ribbon,0.02%,Wild_Rose_Card,0.01%,,,,,,
1436,Jakk,,38,무형,불,,,,,,,,,,,,,,,,,,,,,,
1553,Myst,,38,무형,독,,,,,,,,,,,,,,,,,,,,,,
1586,Leaf Cat,,38,동물,땅,Great_Leaf,43.65%,Leaflet_Of_Hinal,3.00%,Seed_Of_Yggdrasil,0.05%,Fish_Tail,11.00%,Lemon,2.50%,Prawn,5.00%,Leaf_Clothes,53.35%,Leaf_Cat_Card,0.01%,,,,,,
1743,Myst Case,,38,무형,무속성,,,,,,,,,,,,,,,,,,,,,,
1744,Wild Rose,,38,동물,바람,,,,,,,,,,,,,,,,,,,,,,
1789,Iceicle,,38,무형,물,Ice_Piece,10.00%,Ice_Piece,10.00%,Ice_Piece,10.00%,Ice_Piece,5.00%,Ice_Piece,5.00%,Ice_Piece,5.00%,Ice_Piece,5.00%,Ice_Piece,5.00%,,,,,,
1826,Myst,,38,무형,독,Wooden_Block_,30.00%,,,,,,,,,,,,,,,,,,,,
1926,Jakk,,38,무형,불,Pumpkin_Head,30.00%,Pumpkin_Head,30.00%,Pumpkin,30.00%,Pumpkin,30.00%,Pumpkin,30.00%,,,,,,,,,,,,
1965,Wild Rose,,38,동물,바람,,,,,,,,,,,,,,,,,,,,,,
1423,Ghoul,,39,언데드,불사,,,,,,,,,,,,,,,,,,,,,,
1498,Wootan Shooter,,39,인간형,땅,Air_Rifle,45.00%,Flexible_String,35.00%,Banana,10.00%,Stone,10.00%,Apple,1.00%,Cacao,1.00%,Banana_Hat,0.10%,Wootan_Shooter_Card,0.01%,,,,,,
1881,Les,,39,식물,땅,Sharp_Leaf,20.00%,Green_Herb,10.00%,Shoot,10.00%,Stem,25.00%,Centimental_Leaf,0.01%,Leaflet_Of_Aloe,5.00%,Blue_Herb,0.50%,,,,,,,,
1036,Ghoul,,40,언데드,불사,Horrendous_Mouth,60.00%,Oridecon_Stone,1.10%,White_Herb,7.00%,Green_Herb,8.00%,Skul_Ring,0.60%,Mementos,1.50%,Ghoul_Leg,0.01%,Ghoul_Card,0.01%,,,,,,
1140,Marduk,,40,인간형,불,Flame_Heart,0.35%,Sacred_Masque,43.65%,Staff_,0.10%,Mitten_Of_Presbyter,0.01%,Blessed_Wand,0.03%,Fire_Scroll_1_5,1.00%,Book_Of_Devil,0.20%,Marduk_Card,0.01%,,,,,,
1215,Stem Worm,,40,식물,바람,Tough_Scalelike_Stem,53.35%,White_Herb,18.00%,Jump_Rope,0.10%,Oridecon_Stone,1.15%,Great_Nature,0.05%,Glaive,0.20%,Seed_Of_Yggdrasil,0.45%,Stem_Worm_Card,0.01%,,,,,,
1255,Nereid,,40,동물,땅,Earthworm_Peeling,51.00%,Cyfar,10.00%,Blue_Herb,2.30%,Whip_Of_Ice_Piece,0.10%,Grape,2.50%,Elunium_Stone,1.80%,Elunium,0.37%,Neraid_Card,0.01%,,,,,,
1256,Pest,,40,동물,어둠,Earthworm_Peeling,55.00%,Brigan,2.00%,Animal_Blood,0.10%,Anodyne,1.00%,Red_Gemstone,2.50%,Oridecon_Stone,1.15%,Pest_Card,0.01%,,,,,,,,
1277,Greatest General,,40,무형,불,Brigan,20.00%,Wooden_Block,20.00%,Club,1.00%,Inspector_Certificate,3.00%,Stop_Post,0.01%,Yellow_Herb,2.50%,Earth_Scroll_1_3,1.00%,Greatest_General_Card,0.01%,,,,,,
1440,Stem Worm,,40,식물,바람,,,,,,,,,,,,,,,,,,,,,,
1458,Marduk,,40,인간형,불,,,,,,,,,,,,,,,,,,,,,,
1508,Quve,,40,언데드,불사,Piece_Of_Black_Cloth,32.00%,Ectoplasm,57.23%,Wing_Of_Fly,10.00%,Poison_Powder,1.00%,Oridecon_Stone,0.10%,Quve_Card,0.01%,,,,,,,,,,
1541,Greatest General,,40,무형,불,,,,,,,,,,,,,,,,,,,,,,
1585,Mime Monkey,,40,식물,물,Jellopy,70.00%,Knife_,1.00%,Sticky_Mucus,4.00%,Apple,10.00%,Empty_Bottle,15.00%,Poring_Doll,0.05%,Unripe_Apple,0.20%,,,,,,,,
1592,Gangster,,40,인간형,무속성,Stone,100.00%,Wing_Of_Fly,20.00%,Cutter__,30.00%,Empty_Bottle,10.00%,Popped_Rice,100.00%,,,,,,,,,,,,
1836,Magmaring,,40,무형,불,Burning_Heart,30.00%,Elunium_Stone,0.34%,Magmaring_Card,0.01%,,,,,,,,,,,,,,,,
1099,Argiope,,41,곤충,독,Short_Leg,53.35%,Zargon,12.00%,Elunium_Stone,1.75%,Boots_,0.05%,Green_Herb,15.00%,Violet_Jewel,0.10%,Argiope_Card,0.01%,,,,,,,,
1143,Marionette,,41,악마,유령,Golden_Hair,90.00%,Star_Dust,0.05%,Brooch,0.01%,Fire_Scroll_3_5,1.00%,Chain_,0.15%,Chrystal_Pumps,0.01%,Marionette_Doll,0.03%,Marionette_Card,0.01%,,,,,,
1406,Kapha,,41,어류,물,Yellow_Plate,65.00%,Cyfar,35.00%,Huuma_Calm_Mind,0.20%,Leaflet_Of_Aloe,23.00%,Ment,0.02%,Guitar_Of_Blue_Solo,0.10%,Jitte_,0.05%,Kapha_Card,0.01%,,,,,,
1429,Argiope,,41,곤충,독,,,,,,,,,,,,,,,,,,,,,,
1459,Marionette,,41,악마,유령,,,,,,,,,,,,,,,,,,,,,,
1499,Wootan Fighter,,41,인간형,불,Meat,45.00%,Shoulder_Protection,40.00%,Waghnakh,0.03%,Finger_,0.01%,Banana,10.00%,Great_Leaf,10.00%,Banana_Hat,0.05%,Wootan_Fighter_Card,0.01%,,,,,,
1543,Kapha,,41,어류,물,,,,,,,,,,,,,,,,,,,,,,
1035,Hunter Fly,,42,곤충,바람,Rough_Wind,0.30%,Steel,1.00%,Solid_Shell,53.35%,Zargon,13.00%,Oridecon_Stone,1.29%,Mini_Propeller,0.01%,Damascus_,0.02%,Hunter_Fly_Card,0.01%,,,,,,
1250,Chepet,,42,인간형,불,Matchstick,25.00%,Zargon,7.50%,Apple,55.00%,Unripe_Apple,0.40%,Red_Muffler,0.05%,Yellow_Herb,13.00%,Ragamuffin_Cape,0.05%,Chepet_Card,0.01%,,,,,,
1271,Alligator,,42,동물,물,Zargon,10.00%,Worn_Out_Prison_Uniform,6.00%,Anolian_Skin,20.00%,Seed_Of_Yggdrasil,0.50%,Oridecon_Stone,1.29%,Alligator_Card,0.01%,,,,,,,,,,
1422,Hunter Fly,,42,곤충,바람,,,,,,,,,,,,,,,,,,,,,,
1444,Chepet,,42,인간형,불,,,,,,,,,,,,,,,,,,,,,,
1495,Stone Shooter,,42,식물,불,Solid_Twig,50.00%,Log,50.00%,Browny_Root,10.00%,Wooden_Block,20.00%,Oridecon_Stone,1.00%,Stone,10.00%,Stone_Shooter_Card,0.01%,,,,,,,,
1621,Venomous,,42,무형,독,Air_Pollutant,50.00%,Spawns,30.00%,Poison_Powder,10.00%,Poisonous_Gas,20.00%,Old_Blue_Box,0.01%,Venomous_Card,0.01%,,,,,,,,,,
1715,Novus,,42,드래곤,무속성,Green_Herb,30.00%,Cyfar,10.35%,Dragon_Scale,5.89%,Novus_Card,0.01%,,,,,,,,,,,,,,
1776,Siroma,,42,무형,물,Ice_Heart,10.00%,Ice_Piece,5.00%,Blue_Herb,0.10%,Crystal_Blue,0.20%,Siroma_Card,0.01%,,,,,,,,,,,,
1880,Wood Goblin,,42,식물,땅,Iron_Wrist,0.05%,Solid_Twig,40.00%,Log,20.00%,Resin,20.00%,Feather_Of_Birds,5.00%,Piece_Of_Egg_Shell,5.00%,Egg,0.50%,,,,,,,,
1037,Side Winder,,43,동물,독,Shining_Scales,53.35%,Zargon,14.00%,Oridecon_Stone,1.34%,Tsurugi_,0.02%,Posionous_Canine,25.00%,Scale_Of_Snakes,50.00%,White_Herb,10.00%,Side_Winder_Card,0.01%,,,,,,
1199,Punk,,43,식물,바람,Mould_Powder,53.35%,Yellow_Gemstone,8.00%,Pacifier,1.00%,Starsand_Of_Witch,10.00%,Moth_Dust,30.00%,Wing_Of_Fly,11.00%,Hood_,0.15%,Punk_Card,0.01%,,,,,,
1214,Choco,,43,동물,불,Claw_Of_Monkey,53.35%,Yoyo_Tail,70.00%,Elunium,0.53%,Banana,50.00%,Tropical_Banana,0.20%,Banana_Juice,10.00%,Yggdrasilberry,0.25%,Choco_Card,0.01%,,,,,,
1281,Sage Worm,,43,동물,무속성,Librarian_Glove,0.05%,Worn_Out_Page,10.00%,Earthworm_Peeling,30.00%,Fire_Scroll_1_5,1.00%,Blue_Potion,0.40%,Cold_Scroll_1_5,1.00%,Ph.D_Hat,0.01%,Sageworm_Card,0.01%,,,,,,
1367,Blazer,,43,악마,불,Burning_Heart,48.50%,Live_Coal,34.00%,White_Herb,30.00%,Blazzer_Card,0.01%,,,,,,,,,,,,,,
1421,Isis,,43,악마,어둠,,,,,,,,,,,,,,,,,,,,,,
1424,Side Winder,,43,동물,독,,,,,,,,,,,,,,,,,,,,,,
1481,Punk,,43,식물,바람,,,,,,,,,,,,,,,,,,,,,,
1598,Blazzer,,43,악마,불,,,,,,,,,,,,,,,,,,,,,,
1616,Pitman,,43,언데드,땅,Old_Pick,30.00%,Old_Steel_Plate,5.00%,Iron,8.00%,Steel,5.00%,Coal,1.00%,Lantern,10.00%,Headlamp,0.80%,Pitman_Card,0.01%,,,,,,
1625,Porcellio,,43,곤충,땅,,,,,,,,,,,,,,,,,,,,,,
1629,Hill Wind,,43,동물,바람,Meat,10.00%,Monster's_Feed,10.00%,Hill_Wind_Card,0.01%,,,,,,,,,,,,,,,,
1694,Plasma,,43,무형,불,Scell,1.00%,Gift_Box,0.10%,Crystal_Jewel_,0.02%,Red_Gemstone,1.00%,Boody_Red,0.45%,Plasma_Card,0.01%,,,,,,,,,,
1718,Novus,,43,드래곤,무속성,Yellow_Herb,20.00%,Cyfar,10.35%,Dragon_Scale,5.89%,Novus__Card,0.01%,,,,,,,,,,,,,,
1721,Dragon Egg,,43,드래곤,무속성,Elunium,0.05%,Piece_Of_Egg_Shell,1.00%,Crystal_Jewel_,0.10%,Crystal_Jewel__,0.05%,Dark_Red_Jewel,0.10%,Skyblue_Jewel,0.10%,Golden_Jewel,0.10%,Dragon_Egg_Card,0.01%,,,,,,
1843,Snake Lord's Minion,,43,동물,독,Gold_Coin_US,70.00%,Green_Ale_US,6.00%,Treasure_Box_,0.30%,,,,,,,,,,,,,,,,
1861,Choco,,43,동물,불,Claw_Of_Monkey,53.35%,Yoyo_Tail,70.00%,Elunium,0.53%,Banana,50.00%,Tropical_Banana,0.20%,Sweet_Banana,10.00%,Yggdrasilberry,0.25%,Choco_Card,0.01%,,,,,,
1102,Bathory,,44,인간형,어둠,Sparkling_Dust,2.00%,Starsand_Of_Witch,48.50%,Star_Sparkling,0.03%,Arc_Wand_,0.05%,Star_Crumb,0.30%,Old_Magic_Book,0.15%,Old_Broom,0.20%,Bathory_Card,0.01%,,,,,,
1155,Petite,,44,드래곤,땅,Dragon_Canine,53.35%,Dragon_Train,3.00%,Oridecon_Stone,1.40%,White_Herb,10.00%,Flail,1.50%,Zargon,15.00%,Aloebera,0.15%,Petit_Card,0.01%,,,,,,
1465,Petite,,44,드래곤,땅,,,,,,,,,,,,,,,,,,,,,,
1525,Bathory,,44,인간형,어둠,,,,,,,,,,,,,,,,,,,,,,
1697,Plasma,,44,무형,물,Scell,1.00%,Gift_Box,0.10%,Crystal_Jewel_,0.02%,Blue_Gemstone,1.00%,Crystal_Blue,0.35%,Plasma_Card,0.01%,,,,,,,,,,
1783,Galion,,44,동물,바람,Rotten_Meat,30.00%,Animal's_Skin,30.00%,Rough_Wind,0.10%,Ulfhedinn,0.05%,Galion_Card,0.01%,,,,,,,,,,,,
1791,Galion,,44,동물,바람,,,,,,,,,,,,,,,,,,,,,,
1819,Bathory,,44,인간형,어둠,Wooden_Block_,20.00%,,,,,,,,,,,,,,,,,,,,
1156,Petite,,45,드래곤,바람,Dragon_Scale,53.35%,Dragon_Train,3.00%,Elunium,0.61%,White_Herb,10.00%,Khukri,0.05%,Zargon,15.00%,Aloebera,0.15%,Petit__Card,0.01%,,,,,,
1274,Megalith,,45,무형,무속성,Zargon,1.00%,Stone,10.00%,Old_Violet_Box,0.01%,Elunium,0.61%,Elunium_Stone,2.07%,Megalith_Card,0.01%,,,,,,,,,,
1466,Petite,,45,드래곤,바람,,,,,,,,,,,,,,,,,,,,,,
1680,Hill Wind,,45,동물,바람,Harpy's_Feather,40.00%,Harpy's_Claw,30.00%,Monster's_Feed,10.00%,Blue_Herb,0.10%,Hill_Wind_Card,0.01%,,,,,,,,,,,,
1793,Megalith,,45,무형,무속성,,,,,,,,,,,,,,,,,,,,,,
1109,Deviruchi,,46,악마,어둠,Petite_DiablOfs_Horn,53.35%,Petite_DiablOfs_Wing,4.00%,Oridecon,0.02%,Partizan_,0.02%,Sacred_Marks,0.05%,Zargon,15.00%,Oridecon_Stone,1.54%,Deviruchi_Card,0.01%,,,,,,
1211,Brilight,,46,곤충,불,Glitter_Shell,53.35%,Wind_Of_Verdure,2.00%,Zargon,12.00%,Wing_Of_Butterfly,10.00%,Elunium_Stone,2.20%,Leaf_Of_Yggdrasil,2.50%,White_Herb,26.00%,Brilight_Card,0.01%,,,,,,
1383,Explosion,,46,동물,불,Wing_Of_Red_Bat,55.00%,Burning_Heart,22.00%,Hot_Hair,32.00%,Oridecon_Stone,8.00%,Fruit_Of_Mastela,4.00%,Explosion_Card,0.01%,,,,,,,,,,
1402,Poison Toad,,46,동물,독,Poison_Toad's_Skin,55.00%,Poison_Powder,24.00%,Gold_Ring,0.04%,Green_Herb,5.40%,Cardinal_Jewel_,0.02%,Royal_Jelly,0.02%,Cinquedea_,0.10%,Poison_Toad_Card,0.01%,,,,,,
1413,Hermit Plant,,46,식물,불,Leaflet_Of_Hinal,35.00%,Leaflet_Of_Aloe,35.00%,Root_Of_Maneater,38.00%,Blossom_Of_Maneater,48.00%,Sweet_Potato,48.00%,Rope_,0.01%,Strawberry,10.00%,Wild_Ginseng_Card,0.01%,,,,,,
1433,Deviruchi,,46,악마,어둠,,,,,,,,,,,,,,,,,,,,,,
1532,Explosion,,46,동물,불,,,,,,,,,,,,,,,,,,,,,,
1556,Poisonous Toad,,46,동물,독,,,,,,,,,,,,,,,,,,,,,,
1565,Hermit Plant,,46,식물,불,,,,,,,,,,,,,,,,,,,,,,
1683,Photon Cannon,,46,무형,불,,,,,,,,,,,,,,,,,,,,,,
1730,Deviruchi,,46,악마,어둠,,,,,,,,,,,,,,,,,,,,,,
1781,Drosera,,46,식물,땅,Sticky_Poison,30.00%,Sticky_Mucus,30.00%,Blossom_Of_Maneater,20.00%,Root_Of_Maneater,20.00%,Bitter_Herb,0.03%,Stem,10.00%,Drosera_Card,0.01%,,,,,,,,
1822,Deviruchi,,46,악마,어둠,Wooden_Block_,30.00%,,,,,,,,,,,,,,,,,,,,
1928,Deviruchi,,46,악마,어둠,Petite_DiablOfs_Horn,30.00%,Petite_DiablOfs_Wing,30.00%,,,,,,,,,,,,,,,,,,
1029,Isis,,47,악마,어둠,Scales_Shell,53.35%,Circlet_,0.05%,Necklace,0.01%,Crystal_Jewel___,1.50%,Crystal_Jewel__,0.20%,Shining_Scales,10.00%,Crystal_Jewel_,0.05%,Isis_Card,0.01%,,,,,,
1108,Deviace,,47,어류,물,Mistic_Frozen,0.25%,Tooth_Of_Ancient_Fish,90.00%,Lip_Of_Ancient_Fish,10.00%,Antenna,0.02%,Detrimindexta,2.00%,Katar_Of_Cold_Icicle,0.03%,Oridecon_Stone,1.61%,Deviace_Card,0.01%,,,,,,
1212,Iron Fist,,47,곤충,무속성,Tail_Of_Steel_Scorpion,53.35%,Elunium_Stone,2.29%,Elunium_Stone,0.22%,Iron_Ore,7.50%,Steel,1.80%,Iron,3.00%,Iron_Fist_Card,0.01%,,,,,,,,
1403,Firelock Soldier,,47,언데드,불사,Iron,55.00%,Apple_Of_Archer,0.01%,Large_Jellopy,14.00%,Yellow_Herb,0.40%,Nice_Sweet_Potato,3.50%,Panacea,2.50%,The_Cyclone_,0.05%,Antique_Firelock_Card,0.01%,,,,,,
1523,Firelock Soldier,,47,언데드,불사,,,,,,,,,,,,,,,,,,,,,,
1571,Deviace,,47,어류,물,,,,,,,,,,,,,,,,,,,,,,
1695,Plasma,,47,무형,땅,Scell,1.00%,Gift_Box,0.10%,Crystal_Jewel_,0.02%,Blue_Gemstone,1.00%,Yellow_Live,0.40%,Plasma_Card,0.01%,,,,,,,,,,
1844,Snake Lord's Minion,,47,악마,어둠,Gold_Coin_US,80.00%,Green_Ale_US,8.00%,Treasure_Box_,0.50%,,,,,,,,,,,,,,,,
1065,Strouf,,48,어류,물,Fin,53.35%,Oridecon_Stone,1.15%,Granpa_Beard,0.02%,Trident_,0.02%,Feather,30.00%,Skyblue_Jewel,0.20%,Gill,15.00%,Strouf_Card,0.01%,,,,,,
1253,Gargoyle,,48,악마,바람,Zargon,38.80%,Petite_DiablOfs_Wing,5.00%,Thimble_Of_Archer,0.01%,Silence_Arrow,20.00%,Elunium_Stone,2.38%,Gargoyle_Card,0.01%,,,,,,,,,,
1517,Jing Guai,,48,악마,땅,Tiger_Skin_Panties,45.00%,Little_Blacky_Ghost,4.00%,Club,0.10%,Spike,0.01%,Li_Me_Mang_Ryang_Card,0.01%,,,,,,,,,,,,
1597,Gargoyle,,48,악마,바람,,,,,,,,,,,,,,,,,,,,,,
1968,Strouf,,48,어류,물,Fin,53.35%,Oridecon_Stone,2.30%,Granpa_Beard,0.04%,Trident_,0.04%,Feather,30.00%,Skyblue_Jewel,0.40%,Gill,15.00%,Strouf_Card,0.01%,,,,,,
1061,Nightmare,,49,악마,유령,Horseshoe,60.00%,Blue_Herb,5.00%,Rosary,0.02%,Old_Blue_Box,0.30%,Blue_Potion,1.00%,Infiltrator,0.01%,Oridecon,0.60%,Nightmare_Card,0.01%,,,,,,
1189,Orc Archer,,49,인간형,땅,Sharpened_Cuspid,46.56%,Steel_Arrow,10.00%,Stone_Arrow,25.00%,Arrow_Of_Wind,25.00%,Orc_Archer_Bow,0.02%,Red_Herb,14.00%,White_Herb,9.00%,Orc_Archer_Card,0.01%,,,,,,
1427,Nightmare,,49,악마,유령,,,,,,,,,,,,,,,,,,,,,,
1473,Orc Archer,,49,인간형,땅,,,,,,,,,,,,,,,,,,,,,,
1500,Parasite,,49,식물,바람,Germinating_Sprout,55.00%,Soft_Leaf,20.00%,Thin_Stem,38.80%,Great_Leaf,5.00%,Rante_,0.01%,Bladed_Whip,0.01%,Shoot,5.00%,Parasite_Card,0.01%,,,,,,
1519,Green Maiden,,49,인간형,무속성,Cyfar,48.50%,Stuffed_Doll,1.00%,Hora_,0.10%,Honey,5.00%,Tantanmen,0.20%,Hat_Of_Cake,0.50%,Hair_Protector,0.02%,,,,,,,,
1555,Parasite,,49,식물,바람,,,,,,,,,,,,,,,,,,,,,,
1696,Plasma,,49,무형,어둠,Scell,1.00%,Gift_Box,0.10%,Crystal_Jewel_,0.02%,Red_Gemstone,1.00%,Cardinal_Jewel_,1.00%,Plasma_Card,0.01%,,,,,,,,,,
1882,Baba Yaga,,49,인간형,물,Old_Magic_Circle,10.00%,Yaga_Pestle,50.00%,Release_Of_Wish,0.10%,Pill,1.50%,Piece_Of_Cake,15.00%,Milk,15.00%,Bread,15.00%,,,,,,,,
1963,New Year Doll,,49,인간형,무속성,,,,,,,,,,,,,,,,,,,,,,
1101,Baphomet Jr.,,50,악마,어둠,Evil_Horn,5.00%,Oridecon,0.63%,Halberd_,0.02%,Yggdrasilberry,0.50%,Leaf_Of_Yggdrasil,1.00%,Yellow_Herb,13.00%,Boots,0.50%,Baphomet__Card,0.01%,,,,,,
1431,Baphomet Jr.,,50,악마,어둠,,,,,,,,,,,,,,,,,,,,,,
1493,Dryad,,50,식물,땅,Tough_Vines,53.35%,Great_Leaf,10.00%,Browny_Root,30.00%,Rope_,0.80%,Chemeti,0.01%,Centimental_Leaf,0.10%,Sharp_Leaf,30.00%,Dryad_Card,0.01%,,,,,,
1587,Kraben,,50,무형,유령,Zargon,35.00%,Milk,30.00%,Leaflet_Of_Aloe,10.00%,Guard_,0.01%,Bamboo_Basket,48.50%,Chilli,10.00%,Old_Blue_Box,0.10%,Kraben_Card,0.01%,,,,,,
1615,Obsidian,,50,무형,땅,Dark_Crystal_Fragment,30.00%,Crystal_Jewel,5.00%,Coal,5.00%,Elunium,0.50%,Steel,5.00%,Unholy_Touch,0.10%,Obsidian_Card,0.01%,,,,,,,,
1729,Baphomet Jr.,,50,악마,어둠,,,,,,,,,,,,,,,,,,,,,,
1838,Knocker,,50,악마,땅,Great_Nature,0.30%,Coal,1.50%,Elder_Pixie's_Beard,55.00%,Elven_Ears,0.01%,Ribbon,0.10%,Thorny_Buckler,0.03%,Earth_Bow,0.05%,Knocker_Card,0.01%,,,,,,
1848,Baphomet,,50,악마,어둠,,,,,,,,,,,,,,,,,,,,,,
1850,Orc Hero,,50,인간형,땅,,,,,,,,,,,,,,,,,,,,,,
1894,Pouring,,50,식물,유령,Cold_Medicine,83.35%,,,,,,,,,,,,,,,,,,,,
1180,Nine Tail,,51,동물,불,Fox_Tail,46.56%,Glass_Bead,2.00%,Old_Blue_Box,1.00%,Branch_Of_Dead_Tree,1.00%,Royal_Jelly,2.50%,Panacea,3.50%,Oridecon_Stone,1.00%,Nine_Tail_Card,0.01%,,,,,,
1191,Mimic,,51,무형,무속성,Old_Violet_Box,0.05%,Old_Blue_Box,0.45%,Booby_Trap,12.00%,Spectacles,30.00%,Emperium,0.03%,Rosary_,0.01%,Elunium_Stone,2.70%,Mimic_Card,0.01%,,,,,,
1257,Injustice,,51,언데드,어둠,Steel,3.00%,Brigan,53.35%,Cyfar,35.00%,Padded_Armor_,0.05%,Plate_Armor,0.02%,Prohibition_Red_Candle,0.02%,Jamadhar_,0.02%,Injustice_Card,0.01%,,,,,,
1263,Wind Ghost,,51,악마,바람,Zargon,45.59%,Skel_Bone,60.00%,Skull,5.00%,Wind_Scroll_1_5,1.00%,Arc_Wand_,0.08%,Rough_Wind,1.00%,Bone_Wand,0.01%,Wind_Ghost_Card,0.01%,,,,,,
1267,Carat,,51,악마,바람,Brigan,32.00%,Ice_Cream,10.00%,Spiky_Heel,0.05%,Joker_Jester,0.01%,White_Herb,14.50%,Carat_Card,0.01%,,,,,,,,,,
1446,Injustice,,51,언데드,어둠,,,,,,,,,,,,,,,,,,,,,,
1450,Wind Ghost,,51,악마,바람,,,,,,,,,,,,,,,,,,,,,,
1471,Nine Tail,,51,동물,불,,,,,,,,,,,,,,,,,,,,,,
1474,Mimic,,51,무형,무속성,,,,,,,,,,,,,,,,,,,,,,
1497,Wooden Golem,,51,식물,땅,Heart_Of_Tree,40.00%,Browny_Root,40.00%,Elunium_Stone,1.10%,Centimental_Leaf,0.10%,Branch_Of_Dead_Tree,1.00%,Log,50.00%,Mushroom_Spore,10.00%,Wooden_Golem_Card,0.01%,,,,,,
1510,Heirozoist,,51,악마,어둠,Broken_Needle,43.65%,Spool,53.35%,Needle_Pouch,20.00%,Stuffed_Doll,0.80%,Ectoplasm,3.00%,Elunium_Stone,0.10%,Angry_Mouth,0.01%,Hylozoist_Card,0.01%,,,,,,
1516,Mi Gao,,51,무형,땅,Dried_Sand,43.65%,Mud_Lump,23.00%,Great_Nature,0.10%,Gold,0.02%,Increase_Soil_Card,0.01%,,,,,,,,,,,,
1742,Carat,,51,악마,바람,,,,,,,,,,,,,,,,,,,,,,
1149,Minorous,,52,동물,불,Nose_Ring,53.35%,Oridecon_Stone,1.96%,Two_Handed_Axe_,0.02%,Hammer_Of_Blacksmith,0.10%,Sweet_Potato,15.00%,Axe,2.00%,Lemon,3.00%,Minorous_Card,0.01%,,,,,,
1163,Raydric,,52,인간형,어둠,Elunium,1.06%,Iron_Cane,0.01%,Chain_Mail_,0.02%,Two_Hand_Sword_,0.02%,Katana,1.00%,Patriotism_Marks,0.10%,Brigan,48.50%,Daydric_Card,0.01%,,,,,,
1196,Skeleton Prisoner,,52,언데드,불사,Manacles,35.00%,Spoon_Stub,1.00%,Formal_Suit,0.01%,Red_Gemstone,6.00%,Rotten_Bandage,35.00%,Cuffs,0.35%,Mementos,15.00%,Skel_Prisoner_Card,0.01%,,,,,,
1213,High Orc,,52,인간형,불,Ogre_Tooth,25.00%,Orcish_Axe,0.10%,Steel,0.90%,Orcish_Voucher,75.00%,Zargon,13.00%,Oridecon_Stone,1.96%,Yellow_Herb,9.00%,High_Orc_Card,0.01%,,,,,,
1276,Raydric Archer,,52,악마,어둠,Brigan,46.56%,Chain_Mail_,0.02%,Bow,1.50%,Incisive_Arrow,20.00%,Arbalest_,0.03%,Elunium,1.06%,Raydric_Archer_Card,0.01%,,,,,,,,
1380,Driller,,52,동물,땅,Lizard_Scruff,75.00%,Yellow_Gemstone,38.80%,Red_Gemstone,35.00%,Driller_Card,0.01%,,,,,,,,,,,,,,
1439,High Orc,,52,인간형,불,,,,,,,,,,,,,,,,,,,,,,
1453,Raydric Archer,,52,악마,어둠,,,,,,,,,,,,,,,,,,,,,,
1461,Minorous,,52,동물,불,,,,,,,,,,,,,,,,,,,,,,
1467,Raydric,,52,인간형,어둠,,,,,,,,,,,,,,,,,,,,,,
1479,Skeleton Prisoner,,52,언데드,불사,,,,,,,,,,,,,,,,,,,,,,
1584,Tamruan,,52,악마,어둠,Sword_Accessory,48.50%,Broken_Armor_Piece,30.00%,Katana_,0.40%,Bastard_Sword_,0.08%,Chain_Mail_,0.03%,Tamruan_Card,0.01%,,,,,,,,,,
1593,Ancient Mummy,,52,언데드,불사,Orange_Potion,20.00%,,,,,,,,,,,,,,,,,,,,
1596,Tamruan,,52,악마,어둠,,,,,,,,,,,,,,,,,,,,,,
1192,Wraith,,53,언데드,불사,Transparent_Cloth,58.20%,Wedding_Veil,0.10%,Manteau_,0.02%,Red_Gemstone,6.50%,Wing_Of_Butterfly,13.00%,Manteau,0.10%,Crystal_Jewel_,0.05%,Wraith_Card,0.01%,,,,,,
1197,Zombie Prisoner,,53,언데드,불사,Worn_Out_Prison_Uniform,35.00%,Spoon_Stub,1.05%,Iron_Cane,0.01%,Red_Gemstone,6.00%,Rotten_Bandage,35.00%,Cuffs,0.39%,Elunium,1.12%,Zombie_Prisoner_Card,0.01%,,,,,,
1264,Merman,,53,인간형,물,Lip_Of_Ancient_Fish,13.00%,Holy_Water,3.00%,Lemon,4.00%,Skyblue_Jewel,0.40%,Mistic_Frozen,0.35%,Trident,0.03%,Oridecon_Stone,2.03%,Merman_Card,0.01%,,,,,,
1410,Enchanted Peach Tree,,53,식물,땅,Hard_Peach,43.65%,Royal_Jelly,10.00%,Branch_Of_Dead_Tree,4.00%,Banana_Juice,1.00%,Old_Blue_Box,0.05%,Live_Peach_Tree_Card,0.01%,,,,,,,,,,
1451,Merman,,53,인간형,물,,,,,,,,,,,,,,,,,,,,,,
1475,Wraith,,53,언데드,불사,,,,,,,,,,,,,,,,,,,,,,
1480,Zombie Prisoner,,53,언데드,불사,,,,,,,,,,,,,,,,,,,,,,
1550,Enchanted Peach Tree,,53,식물,땅,,,,,,,,,,,,,,,,,,,,,,
1632,Gremlin,,53,악마,어둠,Will_Of_Darkness,30.00%,Sticky_Mucus,30.00%,Violet_Jewel,1.00%,Boots_,0.01%,Bloody_Roar,0.01%,Old_Blue_Box,0.02%,Gremlin_Card,0.01%,,,,,,,,
1514,Zhu Po Long,,54,드래곤,바람,Dragon_Fang,43.65%,Dragon_Horn,30.00%,Little_Blacky_Ghost,8.00%,Dragon_Scale,10.00%,Yarn,30.00%,Dancing_Dragon_Card,0.01%,,,,,,,,,,
1609,Zhu Po Long,,54,드래곤,바람,Lucky_Candy,5.00%,Lucky_Candy_Cane,0.50%,Lucky_Cookie,0.20%,Carrot,100.00%,Fire_Cracker,50.00%,Handsei,1.00%,,,,,,,,,,
1687,Grove,,54,동물,땅,Leaflet_Of_Aloe,15.00%,Reptile_Tongue,10.00%,Leaflet_Of_Hinal,10.00%,Green_Herb,10.00%,Monster's_Feed,20.00%,Aloebera,0.10%,Green_Herb,0.01%,Green_Iguana_Card,0.01%,,,,,,
1304,Giant Spider,,55,곤충,독,Spiderweb,45.50%,Short_Leg,12.00%,Elunium_Stone,1.40%,Panacea,4.50%,Solid_Shell,12.00%,Round_Shell,6.80%,Cyfar,8.00%,Giant_Spider_Card,0.01%,,,,,,
1408,Bloody Butterfly,,55,곤충,바람,Sharp_Feeler,46.08%,Great_Wing,25.00%,Wing_Of_Butterfly,12.00%,Powder_Of_Butterfly,55.00%,Waghnakh_,0.03%,Lariat,0.01%,Blood_Butterfly_Card,0.01%,,,,,,,,
1506,Disguise,,55,악마,땅,Red_Scarf,48.50%,Tangled_Chain,36.86%,Hood_,0.50%,Honey,1.00%,Ragamuffin_Cape,0.50%,Muffler_,0.02%,Rider_Insignia,0.05%,Disguise_Card,0.01%,,,,,,
1526,Bloody Butterfly,,55,곤충,바람,,,,,,,,,,,,,,,,,,,,,,
1682,Remover,,55,언데드,불사,Empty_Bottle,50.00%,Old_Steel_Plate,50.00%,Gas_Mask,0.10%,Nice_Sweet_Potato,5.00%,Detrimindexta,0.50%,Karvodailnirol,1.00%,Fedora_,0.06%,Removal_Card,0.01%,,,,,,
1738,Constant,,55,무형,어둠,Burnt_Parts,1.00%,Sturdy_Iron_Piece,15.00%,Tube,0.10%,Steel,0.10%,Elunium_Stone,0.10%,,,,,,,,,,,,
1745,Constant,,55,악마,어둠,Sturdy_Iron_Piece,5.00%,,,,,,,,,,,,,,,,,,,,
1778,Gazeti,,55,악마,물,Ice_Heart,30.00%,Ice_Piece,30.00%,Elunium,0.20%,Frozen_Bow,0.01%,Gazeti_Card,0.01%,,,,,,,,,,,,
1937,Constant,,55,무형,어둠,,,,,,,,,,,,,,,,,,,,,,
1209,Cramp,,56,동물,독,Claw_Of_Rat,46.56%,Monster's_Feed,10.00%,Blue_Jewel,0.80%,Glass_Bead,1.10%,Lemon,2.50%,Blue_Herb,0.70%,Oridecon,0.95%,Cramp_Card,0.01%,,,,,,
1287,Soldier Guardian,,56,곤충,땅,,,,,,,,,,,,,,,,,,,,,,
1294,Killer Mantis,,56,곤충,땅,Limb_Of_Mantis,45.50%,Solid_Shell,25.00%,Azure_Jewel,0.10%,White_Herb,0.15%,Grape,0.25%,Nail_Of_Loki,0.01%,Mirror_Shield_,0.01%,Killer_Mantis_Card,0.01%,,,,,,
1303,Giant Hornet,,56,곤충,바람,Royal_Jelly,5.50%,Honey,12.00%,Fruit_Of_Mastela,0.12%,Leaf_Of_Yggdrasil,0.15%,Staff_,0.03%,Scarlet_Jewel,0.20%,Double_Bound,0.15%,Giant_Honet_Card,0.01%,,,,,,
1368,Geographer,,56,식물,땅,Blossom_Of_Maneater,62.00%,Root_Of_Maneater,55.00%,Sunflower,0.30%,Fancy_Flower,0.50%,Holy_Scroll_1_5,1.00%,Geographer_Card,0.01%,,,,,,,,,,
1375,The Paper,,56,무형,무속성,Smooth_Paper,49.47%,Fright_Paper_Blade,32.00%,Yellow_Herb,18.00%,Green_Herb,20.00%,Kamaitachi,0.05%,The_Paper_Card,0.01%,,,,,,,,,,
1378,Demon Pungus,,56,악마,독,Spawns,40.74%,Mould_Powder,45.59%,Yellow_Gemstone,38.80%,Starsand_Of_Witch,50.00%,Demon_Pungus_Card,0.01%,,,,,,,,,,,,
1412,Taoist Hermit,,56,무형,무속성,Cloud_Piece,46.56%,Cheese,56.00%,Popped_Rice,45.00%,Bun,68.00%,Guitar_,0.02%,Elunium_Stone,1.50%,Wind_Scroll_1_5,1.00%,Evil_Cloud_Hermit_Card,0.01%,,,,,,
1512,Yao Jun,,56,언데드,불사,Brigan,38.80%,Amulet,1.00%,Elunium,0.10%,Boots_,0.01%,Munak_Doll,3.00%,Hyegun_Card,0.01%,,,,,,,,,,
1531,Taoist Hermit,,56,무형,무속성,,,,,,,,,,,,,,,,,,,,,,
1570,Cramp,,56,동물,독,,,,,,,,,,,,,,,,,,,,,,
1590,Geographer,,56,식물,땅,,,,,,,,,,,,,,,,,,,,,,
1604,Giant Hornet,,56,곤충,바람,,,,,,,,,,,,,,,,,,,,,,
1612,Yao Jun,,56,언데드,불사,Orange_Potion,20.00%,Slow_Down_Potion,1.00%,Speed_Up_Potion,1.00%,,,,,,,,,,,,,,,,
1614,Mineral,,56,무형,무속성,Fragment_Of_Crystal,30.00%,Golden_Jewel,5.00%,Emperium,0.02%,Oridecon,0.80%,Emveretarcon,8.00%,Yellow_Gemstone,1.00%,Gold,0.02%,Mineral_Card,0.01%,,,,,,
1633,Beholder,,56,무형,바람,Prickly_Fruit,30.00%,Anodyne,1.00%,Rough_Wind,1.00%,Elunium,0.10%,Old_Blue_Box,0.02%,Beholder_Card,0.01%,,,,,,,,,,
1692,Breeze,,56,무형,바람,Raccoon_Leaf,5.00%,Four_Leaf_Clover,0.10%,Centimental_Leaf,0.10%,Gust_Bow,0.10%,Branch_Of_Dead_Tree,0.10%,Centimental_Flower,0.10%,Rough_Wind,0.10%,Breeze_Card,0.01%,,,,,,
1693,Plasma,,56,무형,유령,Scell,1.00%,Gift_Box,0.10%,Crystal_Jewel_,0.02%,Yellow_Gemstone,1.00%,Gold,0.01%,Plasma_Card,0.01%,,,,,,,,,,
1131,Joker,,57,인간형,바람,Zargon,20.00%,Old_Card_Album,0.02%,Contracts_In_Shadow,0.20%,Yellow_Herb,10.00%,Katar_Of_Piercing_Wind,0.01%,Oridecon,1.00%,Ghost_Scroll_1_5,1.00%,Joker_Card,0.01%,,,,,,
1216,Penomena,,57,어류,독,Coral_Reef,48.50%,Tentacle,80.00%,Sticky_Mucus,70.00%,Panacea,2.00%,Violet_Jewel,0.15%,Katar_Of_Raging_Blaze,0.01%,Red_Gemstone,5.50%,Penomena_Card,0.01%,,,,,,
1437,Joker,,57,인간형,바람,,,,,,,,,,,,,,,,,,,,,,
1441,Penomena,,57,어류,독,,,,,,,,,,,,,,,,,,,,,,
1684,Archdam,,57,천사,무속성,,,,,,,,,,,,,,,,,,,,,,
1780,Muscipular,,57,식물,땅,Sticky_Poison,30.00%,Blossom_Of_Maneater,30.00%,Singing_Flower,0.02%,Root_Of_Maneater,20.00%,Stem,10.00%,Deadly_Noxious_Herb,0.03%,Muscipular_Card,0.01%,,,,,,,,
1117,Evil Druid,,58,언데드,불사,Biretta_,0.10%,Bone_Wand,0.01%,Ragamuffin_Cape,0.02%,Bible,0.10%,Leaf_Of_Yggdrasil,2.00%,Cookbook07,0.04%,White_Herb,20.00%,Evil_Druid_Card,0.01%,,,,,,
1193,Alarm,,58,무형,무속성,Needle_Of_Alarm,53.35%,Clip,0.01%,Skull,15.00%,Spectacles,13.00%,Oridecon,1.05%,Key_Of_Clock_Tower,0.20%,Zargon,15.00%,Alarm_Card,0.01%,,,,,,
1306,Leib Olmai,,58,동물,땅,Bear's_Foot,45.50%,Poo_Poo_Hat,0.08%,Stuffed_Doll,1.20%,Honey,5.00%,Pocket_Watch_,0.05%,Gold,0.05%,Cyfar,8.00%,Leib_Olmai_Card,0.01%,,,,,,
1322,Spring Rabbit,,58,동물,땅,Brigan,35.00%,Cyfar,25.00%,Feather,25.00%,Green_Herb,45.00%,Yellow_Herb,8.00%,Blue_Herb,2.00%,White_Herb,8.00%,Spring_Rabbit_Card,0.01%,,,,,,
1369,Grand Peco,,58,동물,불,Peco_Wing_Feather,48.50%,Fruit_Of_Mastela,3.00%,Wind_Of_Verdure,10.00%,Gold,0.01%,Orange,5.00%,Grand_Peco_Card,0.01%,,,,,,,,,,
1435,Evil Druid,,58,언데드,불사,,,,,,,,,,,,,,,,,,,,,,
1476,Alarm,,58,무형,무속성,,,,,,,,,,,,,,,,,,,,,,
1503,Gibbet,,58,악마,어둠,Hanging_Doll,18.00%,Rotten_Rope,53.35%,Tree_Knot,40.74%,Cardinal_Jewel_,3.00%,Red_Gemstone,1.00%,Branch_Of_Dead_Tree,0.10%,Gibbet_Card,0.01%,,,,,,,,
1652,Egnigem Cenia,,58,인간형,불,Lab_Staff_Record,10.00%,Katzbalger,0.01%,Two_Hand_Sword_,0.20%,Saber_,0.20%,Padded_Armor_,0.10%,Slayer_,0.80%,Plate_Armor_,0.01%,Ygnizem_Card,0.01%,,,,,,
1818,Alarm,,58,무형,무속성,Piece_Of_Cogwheel,70.00%,,,,,,,,,,,,,,,,,,,,
1948,Egnigem Cenia,,58,인간형,불,,,,,,,,,,,,,,,,,,,,,,
1984,Shaman Cargalache,,58,인간형,땅,,,,,,,,,,,,,,,,,,,,,,
1194,Arclouze,,59,곤충,땅,Round_Shell,35.00%,Sticky_Mucus,30.00%,Solid_Shell,8.00%,Zargon,4.50%,Red_Gemstone,3.00%,Great_Nature,0.20%,Zargon,25.00%,Arclouse_Card,0.01%,,,,,,
1195,Rideword,,59,무형,무속성,Worn_Out_Page,48.50%,Book_Of_Billows,0.04%,Book_Of_Mother_Earth,0.04%,Book_Of_Blazing_Sun,0.02%,Book_Of_Gust_Of_Wind,0.02%,Bookclip_In_Memory,3.00%,Old_Magic_Book,0.20%,Rideword_Card,0.01%,,,,,,
1260,Dark Frame,,59,악마,어둠,Brigan,46.56%,Red_Frame,10.00%,Manteau,0.30%,Star_Crumb,0.80%,Crystal_Mirror,0.03%,Dark_Frame_Card,0.01%,,,,,,,,,,
1308,Panzer Goblin,,59,인간형,바람,Cyfar,44.13%,Brigan,35.00%,Steel,1.80%,Iron,3.60%,Coal,5.80%,Butcher,0.05%,Flame_Heart,1.60%,Panzer_Goblin_Card,0.01%,,,,,,
1323,Sea Otter,,59,동물,물,Scarlet_Jewel,1.50%,Clam_Shell,55.00%,Sea_Otter_Leather,43.65%,Red_Jewel,0.50%,Blue_Jewel,0.50%,Glass_Bead,6.50%,Cyfar,12.00%,See_Otter_Card,0.01%,,,,,,
1364,Assaulter,,59,악마,바람,Wooden_Block,90.00%,,,,,,,,,,,,,,,,,,,,
1448,Dark Frame,,59,악마,어둠,,,,,,,,,,,,,,,,,,,,,,
1477,Arclouze,,59,곤충,땅,,,,,,,,,,,,,,,,,,,,,,
1478,Rideword,,59,무형,무속성,,,,,,,,,,,,,,,,,,,,,,
1631,Green Maiden,,59,인간형,바람,Cyfar,42.00%,Stuffed_Doll,1.00%,Hora_,0.10%,Honey,5.00%,Tantanmen,0.10%,Hair_Protector,0.50%,Chung_E_Card,0.01%,,,,,,,,
1655,Errende Ebecee,,59,인간형,성,Armlet_Of_Prisoner,5.00%,Biretta_,0.05%,Morning_Star_,0.50%,Sword_Mace_,0.20%,Saint_Robe_,0.05%,Scapulare_,0.10%,Spike,0.01%,Erend_Card,0.01%,,,,,,
1661,Errende Ebecee,,59,인간형,성,Gift_Box,0.10%,,,,,,,,,,,,,,,,,,,,
1771,Vanberk,,59,인간형,무속성,White_Mask,25.00%,Royal_Jelly,0.10%,Bloody_Rune,10.00%,Beret,0.10%,Scalpel,0.05%,Bloody_Rune,1.00%,Vanberk_Card,0.01%,,,,,,,,
1072,Kaho,,60,악마,불,Flame_Heart,0.30%,Coal,1.50%,Burning_Heart,30.00%,Fire_Scroll_1_3,1.00%,Elunium_Stone,10.00%,Red_Gemstone,3.00%,Alchol,0.05%,Kaho_Card,0.01%,,,,,,
1269,Clock,,60,무형,땅,Needle_Of_Alarm,53.35%,Wooden_Block,8.00%,White_Herb,19.00%,Lemon,3.20%,Key_Of_Clock_Tower,0.30%,Underground_Key,0.30%,Elunium,1.63%,Clock_Card,0.01%,,,,,,
1278,Stalactic Golem,,60,무형,무속성,Mud_Lump,20.00%,Brigan,48.50%,Star_Crumb,2.50%,Great_Nature,0.30%,Elunium_Stone,2.50%,Elunium,1.63%,Stalactic_Golem_Card,0.01%,,,,,,,,
1387,Gig,,60,동물,불,Scropion's_Nipper,43.65%,Scorpion's_Tail,55.00%,Red_Gemstone,1.50%,Panacea,25.00%,Flame_Heart,8.50%,Gig_Card,0.01%,,,,,,,,,,
1388,Arc Angeling,,60,천사,성,Satanic_Chain,0.05%,Leaf_Of_Yggdrasil,18.00%,Seed_Of_Yggdrasil,1.50%,Agate,15.00%,Angelic_Chain,0.05%,Plate_Armor_,0.03%,Turquoise,15.00%,Archangeling_Card,0.01%,,,,,,
1528,Clock,,60,무형,땅,,,,,,,,,,,,,,,,,,,,,,
1656,Kavach Icarus,,60,인간형,바람,Lab_Staff_Record,20.00%,Kakkung_,0.01%,Steel_Arrow_Container,1.00%,Great_Bow_,0.10%,Mantle_,0.05%,Sandals_,0.30%,Shoes_,0.02%,Kavac_Card,0.01%,,,,,,
1662,Kavach Icarus,,60,인간형,바람,Gift_Box,0.10%,,,,,,,,,,,,,,,,,,,,
1699,Ancient Mimic,,60,무형,무속성,Old_Blue_Box,0.30%,Old_Violet_Box,0.01%,Gift_Box,0.50%,Shoes_,0.05%,Manteau_,0.01%,Fricco_Shoes,0.10%,Gold_Ring,1.00%,Ancient_Mimic_Card,0.01%,,,,,,
1775,Snowier,,60,무형,물,Ice_Heart,30.00%,Ice_Piece,10.00%,Elunium_Stone,1.00%,Blue_Herb,0.50%,White_Herb,5.00%,Icicle_Fist,0.03%,Crystal_Blue,1.00%,Snowier_Card,0.01%,,,,,,
1777,Ice Titan,,60,무형,물,Ice_Heart,50.00%,Ice_Piece,30.00%,Frozen_Rose,1.00%,Oridecon,0.10%,Elunium,0.30%,Mistic_Frozen,1.00%,Ice_Titan_Card,0.01%,,,,,,,,
1788,Ice Titan,,60,무형,물,Ice_Heart,0.01%,,,,,,,,,,,,,,,,,,,,
1849,Osiris,,60,언데드,불사,,,,,,,,,,,,,,,,,,,,,,
1869,Flame Skull,,60,악마,유령,Skull,50.00%,Black_Leather_Boots,0.20%,Lever_Action_Rifle,0.20%,Horrendous_Mouth,60.00%,Flame_Skull_Card,0.01%,,,,,,,,,,,,
1154,Pasana,,61,인간형,불,Vroken_Sword,43.65%,Honey_Jar,25.00%,Elunium_Stone,0.20%,Falchion_,5.00%,Stiletto_,1.50%,Undershirt,1.00%,Pasana_Card,0.01%,,,,,,,,
1206,Anolian,,61,어류,물,Anolian_Skin,48.50%,Crystal_Arrow,20.00%,Royal_Jelly,0.05%,Red_Muffler,0.10%,Solid_Shell,53.35%,Brooch_,0.01%,Oridecon,1.34%,Anolian_Card,0.01%,,,,,,
1207,Sting,,61,무형,땅,Mud_Lump,48.50%,Stone_Arrow,15.00%,Glove_,0.01%,Coal,1.30%,Great_Nature,0.25%,Silk_Ribbon,0.10%,Violet_Jewel,0.03%,Sting_Card,0.01%,,,,,,
1301,Am Mut,,61,악마,어둠,Dokkaebi_Horn,45.50%,Elunium_Stone,2.50%,Sword_Mace_,0.03%,Gold,0.05%,Spirit_Chain,0.01%,Old_Card_Album,0.01%,Glass_Bead,2.50%,Am_Mut_Card,0.01%,,,,,,
1313,Mobster,,61,인간형,무속성,Poison_Knife,0.03%,Blue_Jewel,45.59%,Ring_,0.01%,Red_Gemstone,6.00%,Zargon,25.00%,Panacea,4.50%,Blue_Potion,0.60%,Mobster_Card,0.01%,,,,,,
1321,Dragon Tail,,61,곤충,바람,Dragon_Fly_Wing,44.13%,Round_Shell,4.00%,Solid_Shell,8.00%,Fancy_Flower,0.08%,Cap,0.02%,Wing_Of_Fly,3.00%,Wing_Of_Butterfly,1.50%,Dragon_Tail_Card,0.01%,,,,,,
1391,Galapago,,61,동물,땅,Cyfar,53.35%,Leaf_Of_Yggdrasil,1.00%,Yellow_Herb,35.00%,Aloebera,1.00%,Anodyne,1.00%,Galapago_Cap,0.01%,Orange,10.00%,Galapago_Card,0.01%,,,,,,
1464,Pasana,,61,인간형,불,,,,,,,,,,,,,,,,,,,,,,
1489,Sting,,61,무형,땅,,,,,,,,,,,,,,,,,,,,,,
1515,Baby Hatii,,61,동물,물,Milk_Bottle,15.00%,Bib,25.00%,Ice_Piece,43.65%,Frozen_Rose,1.00%,Cold_Scroll_2_5,1.00%,Garm_Baby_Card,0.01%,,,,,,,,,,
1606,Baby Hatii,,61,동물,물,,,,,,,,,,,,,,,,,,,,,,
1657,Laurell Weinder,,61,인간형,유령,Mementos,10.00%,Staff_Of_Wing,0.01%,Guard_,0.05%,Staff_,0.50%,Silk_Robe_,0.10%,Silver_Robe_,0.30%,Clip,0.01%,Rawrel_Card,0.01%,,,,,,
1663,Laurell Weinder,,61,인간형,유령,Gift_Box,0.10%,,,,,,,,,,,,,,,,,,,,
1773,Hodremlin,,61,악마,어둠,Prickly_Fruit_,10.00%,Will_Of_Darkness,10.00%,Boots_,0.02%,Sticky_Mucus,10.00%,Bloody_Rune,10.00%,Starsand_Of_Witch,20.00%,Shadow_Walk,0.10%,Hodremlin_Card,0.01%,,,,,,
1824,Baby Hatii,,61,동물,물,Wooden_Block_,50.00%,,,,,,,,,,,,,,,,,,,,
1851,Mobster,,61,인간형,무속성,,,,,,,,,,,,,,,,,,,,,,
1883,Uzhas,,61,인간형,물,Leaflet_Of_Hinal,9.00%,Ancient_Magic,0.05%,Bitter_Herb,1.00%,Fruit_Of_Mastela,1.00%,Sticky_Webfoot,35.00%,Delicious_Fish,15.00%,Old_Blue_Box,0.03%,,,,,,,,
1888,Baby Hatii,,61,동물,물,Ice_Piece,20.00%,,,,,,,,,,,,,,,,,,,,
1275,Alice,,62,인간형,무속성,Alice's_Apron,25.00%,Old_Broom,0.40%,Chrystal_Pumps,0.03%,Rouge,0.30%,Pair_Of_Red_Ribbon,0.01%,Imperial_Cooking_Kits,0.10%,Holy_Scroll_1_5,1.00%,Alice_Card,0.01%,,,,,,
1293,Creamy Fear,,62,곤충,바람,Powder_Of_Butterfly,45.50%,Silver_Robe_,0.10%,Honey,5.50%,Wing_Of_Butterfly,2.00%,Book,0.08%,Icarus_Wing,0.05%,Fruit_Of_Mastela,0.50%,Cremy_Fear_Card,0.01%,,,,,,
1298,Zombie Master,,62,언데드,불사,Tatters_Clothes,44.13%,Sticky_Mucus,15.00%,Horrendous_Mouth,15.00%,Cardinal_Jewel,2.00%,White_Jewel,1.00%,Ghoul_Leg,0.01%,Scapulare_,0.02%,Zombie_Master_Card,0.01%,,,,,,
1311,Gullinbursti,,62,동물,땅,Wild_Boar's_Mane,35.00%,Grape,2.90%,Animal_Blood,0.06%,Eagle_Eyes,0.01%,Anodyne,0.15%,Belt,0.01%,Zargon,1.60%,Gullinbursti_Card,0.01%,,,,,,
1504,Dullahan,,62,언데드,불사,Dullahan's_Helm,32.00%,Dullahan_Armor,48.50%,An_Eye_Of_Dullahan,0.01%,Manteau,0.13%,Manteau_,0.01%,Dullahan_Card,0.01%,,,,,,,,,,
1513,Mao Guai,,62,동물,바람,Fan,41.71%,Cat_Eyed_Stone,20.00%,Aloebera,0.10%,Fish_Tail,1.00%,Wind_Scroll_1_5,1.00%,Civil_Servant_Card,0.01%,,,,,,,,,,
1521,Alice,,62,인간형,무속성,,,,,,,,,,,,,,,,,,,,,,
1653,Wickebine Tres,,62,인간형,독,Armlet_Of_Prisoner,20.00%,Forturn_Sword,0.01%,Adventurere's_Suit_,0.40%,Gladius_,0.10%,Chain_Mail_,0.02%,Ring_Of_Rogue,0.02%,Coward_,0.10%,Whikebain_Card,0.01%,,,,,,
1659,Wickebine Tres,,62,인간형,독,Gift_Box,0.10%,,,,,,,,,,,,,,,,,,,,
1772,Isilla,,62,인간형,무속성,White_Mask,25.00%,High_Fashion_Sandals,0.01%,Bloody_Rune,10.00%,Gold_Ring,0.10%,Ring,0.01%,Bloody_Rune,1.00%,Isilla_Card,0.01%,,,,,,,,
1796,Aunoe,,62,인간형,무속성,White_Mask,25.00%,High_Fashion_Sandals,0.02%,Bloody_Rune,40.00%,Memorize_Book,0.01%,Holy_Arrow_Quiver,0.50%,Bloody_Rune,1.00%,Musika,0.05%,,,,,,,,
1797,Fanat,,62,인간형,무속성,Kandura,0.10%,High_Fashion_Sandals,0.02%,Bloody_Rune,40.00%,Memorize_Book,0.01%,Holy_Arrow_Quiver,0.50%,White_Mask,25.00%,,,,,,,,,,
1132,Khalitzburg,,63,언데드,불사,Skel_Bone,80.00%,Elunium,1.91%,Bone_Helm,0.01%,Mirror_Shield_,0.02%,Patriotism_Marks,0.10%,White_Herb,20.00%,Saber_,0.02%,Khalitzburg_Card,0.01%,,,,,,
1200,Zealotus,,63,인간형,무속성,Executioner's_Mitten,0.05%,White_Herb,18.00%,Rose_Quartz,15.00%,Tights_,0.08%,Earring_,0.01%,Queen's_Whip,1.00%,Masquerade,0.03%,Zherlthsh_Card,0.01%,,,,,,
1270,Clock Tower Manager,,63,무형,무속성,Needle_Of_Alarm,53.35%,Brigan,53.35%,Steel,5.00%,Leaflet_Of_Hinal,8.50%,Memorize_Book,0.01%,Key_Of_Clock_Tower,20.00%,Underground_Key,20.00%,C_Tower_Manager_Card,0.01%,,,,,,
1309,Gajomart,,63,무형,불,Stone_Heart,65.00%,Zargon,23.00%,Yellow_Herb,8.70%,Bomb_Wick,0.08%,Fire_Arrow,100.00%,Magic_Study_Vol1,0.20%,Flame_Heart,1.80%,Gajomart_Card,0.01%,,,,,,
1314,Permeter,,63,동물,무속성,Turtle_Shell,44.13%,Broken_Shell,0.45%,Wooden_Block,12.40%,Red_Herb,24.50%,Zargon,12.40%,Fruit_Of_Mastela,0.25%,Anodyne,0.01%,Permeter_Card,0.01%,,,,,,
1317,Seal,,63,동물,물,Zargon,43.65%,Blue_Herb,2.50%,Coat_,0.05%,Cyfar,12.00%,Guisarme_,0.01%,Panacea,2.00%,Glass_Bead,1.20%,Fur_Seal_Card,0.01%,,,,,,
1416,Evil Nymph,,63,악마,어둠,Limpid_Celestial_Robe,39.77%,Soft_Silk_Cloth,13.80%,Oridecon,0.10%,Mandolin_,0.04%,Lute_,0.01%,Holy_Scroll_1_5,1.00%,Oriental_Lute,0.10%,Wicked_Nymph_Card,0.01%,,,,,,
1438,Khalitzburg,,63,언데드,불사,,,,,,,,,,,,,,,,,,,,,,
1482,Zealotus,,63,인간형,무속성,,,,,,,,,,,,,,,,,,,,,,
1488,Anolian,,63,어류,물,,,,,,,,,,,,,,,,,,,,,,
1527,Clock Tower Manager,,63,무형,무속성,,,,,,,,,,,,,,,,,,,,,,
1533,Seal,,63,동물,물,,,,,,,,,,,,,,,,,,,,,,
1564,Evil Nymph,,63,악마,어둠,,,,,,,,,,,,,,,,,,,,,,
1601,Permeter,,63,동물,무속성,,,,,,,,,,,,,,,,,,,,,,
1884,Mavka,,63,식물,땅,Principles_Of_Magic,0.05%,Singing_Flower,3.00%,Singing_Plant,3.00%,Illusion_Flower,0.50%,Crystal_Mirror,15.00%,Witherless_Rose,3.00%,Blue_Herb,30.00%,,,,,,,,
1886,Mavka,,63,식물,땅,,,,,,,,,,,,,,,,,,,,,,
1086,Golden Thief Bug,★MVP,64,곤충,불,Gold,10.00%,Golden_Mace,1.50%,Golden_Gear,2.50%,Golden_Bell,5.00%,Emperium,3.00%,Elunium,20.00%,Oridecon,15.00%,Golden_Bug_Card,0.01%,Gold_Ring,20.00%,Ora_Ora,10.00%,,
1297,Ancient Mummy,,64,언데드,불사,Rotten_Bandage,44.13%,Mementos,18.00%,Glove_,0.01%,Silver_Ring,1.50%,Yellow_Herb,6.50%,Oridecon_Stone,1.50%,Elunium_Stone,1.00%,Ancient_Mummy_Card,0.01%,,,,,,
1299,Goblin Leader,,64,인간형,바람,Brigan,15.00%,Steel,8.00%,Oridecon_Stone,1.20%,Goblin_Mask_04,0.50%,Shield_,0.02%,Yellow_Herb,6.50%,Angry_Mouth,0.10%,Goblin_Leader_Card,0.01%,,,,,,
1300,Caterpillar,,64,곤충,땅,Feather,30.00%,Brigan,53.35%,Twilight_Desert,0.20%,Star_Crumb,1.00%,Great_Nature,0.50%,Blue_Potion,0.12%,Yellow_Herb,5.00%,Caterpillar_Card,0.01%,,,,,,
1377,Elder,,64,인간형,무속성,Old_Magic_Circle,40.00%,Rent_Spell_Book,15.00%,Rent_Scroll,15.00%,Encyclopedia,0.10%,Wizardy_Staff,0.01%,Old_Card_Album,0.01%,Underground_Key,30.00%,Elder_Card,0.01%,,,,,,
1522,Ancient Mummy,,64,언데드,불사,,,,,,,,,,,,,,,,,,,,,,
1539,Goblin Leader,,64,인간형,바람,,,,,,,,,,,,,,,,,,,,,,
1573,Elder,,64,인간형,무속성,,,,,,,,,,,,,,,,,,,,,,
1666,Photon Cannon,,64,무형,무속성,Large_Jellopy,50.00%,Azure_Jewel,10.00%,Sticky_Mucus,10.00%,,,,,,,,,,,,,,,,
1115,Eddga,★MVP,65,동물,불,Fire_Brand,1.50%,Smoking_Pipe,2.50%,Honey,100.00%,Katar_Of_Raging_Blaze,5.00%,Tiger_Footskin,2.50%,Elunium,23.00%,Krieg,1.00%,Eddga_Card,0.01%,Tiger's_Skin,50.00%,Tiger_Footskin,10.00%,Flame_Heart,30.00%
1205,Executioner,,65,무형,어둠,Bloody_Edge,0.05%,Phlogopite,15.00%,Lapier_,0.80%,Scimiter_,0.60%,Ring_Pommel_Saber_,0.40%,Steel,1.20%,Oridecon,1.45%,Executioner_Card,0.01%,,,,,,
1262,Mutant Dragonoid,,65,드래곤,불,Brigan,48.50%,Dragon_Canine,5.00%,Dragon_Scale,5.00%,Rotten_Bandage,5.00%,Legacy_Of_Dragon,1.00%,Pyroxene,15.00%,Dragon_Breath,0.50%,Mutant_Dragon_Card,0.01%,,,,,,
1296,Kobold Leader,,65,인간형,바람,Steel,4.50%,Cobold_Hair,63.05%,Zargon,12.00%,Flail_,0.06%,Mighty_Staff,0.02%,Panacea,1.50%,Royal_Jelly,1.00%,Kobold_Leader_Card,0.01%,,,,,,
1371,False Angel,,65,천사,성,Blue_Gemstone,10.00%,Yellow_Gemstone,10.00%,Red_Gemstone,10.00%,Water_Of_Darkness,10.00%,Carrot_Whip,0.20%,Fake_Angel_Card,0.01%,,,,,,,,,,
1385,Deleter,,65,드래곤,불,Dragon's_Skin,40.74%,Dragon_Canine,53.35%,Dragon_Train,38.80%,Dragon_Scale,35.89%,Deleter_Card,0.01%,,,,,,,,,,,,
1405,Tengu,,65,악마,땅,Tengu's_Nose,35.00%,Broken_Wine_Vessel,55.00%,Huuma_Giant_Wheel,0.05%,Fruit_Of_Mastela,1.50%,Huuma_Giant_Wheel_,0.05%,Imperial_Cooking_Kits,0.20%,Earth_Scroll_1_5,1.00%,Tengu_Card,0.01%,,,,,,
1449,Mutant Dragonoid,,65,드래곤,불,,,,,,,,,,,,,,,,,,,,,,
1487,Executioner,,65,무형,어둠,,,,,,,,,,,,,,,,,,,,,,
1548,Kobold Leader,,65,인간형,바람,,,,,,,,,,,,,,,,,,,,,,
1563,Tengu,,65,악마,땅,,,,,,,,,,,,,,,,,,,,,,
1667,Photon Cannon,,65,무형,무속성,Large_Jellopy,50.00%,Golden_Jewel,10.00%,Sticky_Mucus,10.00%,,,,,,,,,,,,,,,,
1698,Death Word,,65,무형,무속성,Worn_Out_Page,40.00%,Bookclip_In_Memory,3.00%,Legend_Of_Kafra01,0.50%,Bloody_Page,5.00%,Vidar's_Boots,0.10%,Cookbook08,0.02%,Cookbook09,0.01%,Deathword_Card,0.01%,,,,,,
1774,Seeker,,65,무형,바람,Prickly_Fruit_,10.00%,Will_Of_Darkness,10.00%,Elunium,0.20%,Starsand_Of_Witch,40.00%,Bloody_Rune,10.00%,Berdysz,0.20%,Seeker_Card,0.01%,,,,,,,,
1310,Majoruros,,66,동물,불,Nose_Ring,44.13%,Two_Handed_Axe_,0.04%,Lemon,3.00%,Oridecon,0.16%,White_Herb,18.50%,Silver_Ring,1.60%,Star_Crumb,2.50%,Majoruros_Card,0.01%,,,,,,
1365,Apocalypse,,66,무형,무속성,Broken_Steel_Piece,53.35%,Mystery_Piece,24.00%,Wheel,22.00%,Elunium,0.05%,Destroyer_,0.01%,Manteau_,0.20%,Steel,25.00%,Apocalips_Card,0.01%,,,,,,
1384,Deleter,,66,드래곤,불,Dragon's_Skin,40.74%,Dragon_Canine,53.35%,Dragon_Train,38.80%,Dragon_Scale,35.89%,Flying_Deleter_Card,0.01%,,,,,,,,,,,,
1654,Armeyer Dinze,,66,인간형,땅,Armlet_Of_Prisoner,10.00%,Muffler_,0.01%,Buster_,0.50%,Battle_Axe_,0.40%,Mink_Coat,0.10%,Axe_,0.80%,Windhawk,0.10%,Armaia_Card,0.01%,,,,,,
1660,Armeyer Dinze,,66,인간형,땅,Gift_Box,0.10%,,,,,,,,,,,,,,,,,,,,
1664,Photon Cannon,,66,무형,무속성,Large_Jellopy,50.00%,Dark_Red_Jewel,10.00%,Sticky_Mucus,10.00%,,,,,,,,,,,,,,,,
1724,Photon Cannon,,66,무형,무속성,,,,,,,,,,,,,,,,,,,,,,
1872,Hell Fly,,66,곤충,바람,,,,,,,,,,,,,,,,,,,,,,
2010,Ox,,66,악마,유령,,,,,,,,,,,,,,,,,,,,,,
1150,Moonlight Flower,★MVP,67,악마,불,Spectral_Spear,5.00%,Moonlight_Sword,1.00%,Long_Mace,1.50%,Punisher,5.00%,Silver_Knife_Of_Chaste,6.50%,Elunium,26.00%,Staff_Of_Bordeaux,1.00%,Moonlight_Flower_Card,0.01%,Fox_Tail,50.00%,White_Potion,15.00%,Golden_Jewel,5.00%
1305,Ancient Worm,,67,곤충,독,Short_Leg,44.13%,Zargon,25.00%,Boots_,0.09%,Bowman_Scarf,0.05%,Round_Shell,6.80%,Sticky_Mucus,35.00%,Brigan,25.00%,Ancient_Worm_Card,0.01%,,,,,,
1382,Diabolic,,67,악마,어둠,Petite_DiablOfs_Horn,58.20%,Petite_DiablOfs_Wing,48.50%,Brooch,0.03%,Oridecon,0.20%,Unholy_Touch,0.10%,Diabolic_Card,0.01%,,,,,,,,,,
1386,Sleeper,,67,무형,땅,Sand_Lump,49.47%,Grit,53.35%,Great_Nature,25.00%,Oridecon_Stone,3.00%,Damascus_,0.05%,Hypnotist's_Staff_,0.05%,Fine_Sand,12.00%,Sleeper_Card,0.01%,,,,,,
1567,Ancient Worm,,67,곤충,독,,,,,,,,,,,,,,,,,,,,,,
1665,Photon Cannon,,67,무형,무속성,Large_Jellopy,50.00%,Blue_Jewel,10.00%,Sticky_Mucus,10.00%,Destroyer,0.05%,,,,,,,,,,,,,,
2014,Draco Egg,,67,드래곤,땅,Piece_Of_Egg_Shell,50.00%,Egg_Shell,0.20%,,,,,,,,,,,,,,,,,,
1292,Mini Demon,,68,악마,어둠,Petite_DiablOfs_Horn,44.13%,Petite_DiablOfs_Wing,4.50%,Satanic_Chain,0.03%,Elunium_Stone,1.60%,Zargon,25.00%,Sacred_Marks,0.10%,Ahlspiess,0.05%,Mini_Demon_Card,0.01%,,,,,,
1318,Heater,,68,동물,불,Turtle_Shell,44.13%,Broken_Shell,7.50%,Fire_Scroll_2_5,1.00%,Zargon,16.40%,Royal_Jelly,1.40%,Brigan,6.00%,Burn_Tree,12.50%,Heater_Card,0.01%,,,,,,
1381,Grizzly,,68,동물,불,Bear's_Foot,50.00%,Animal's_Skin,50.00%,Nice_Sweet_Potato,25.00%,Grizzly_Card,0.01%,,,,,,,,,,,,,,
1399,Baphomet,★MVP,68,악마,어둠,Pole_Axe,5.50%,War_Axe,6.80%,Holy_Avenger,4.80%,Holy_Guard,6.40%,Holy_Robe,15.00%,Herald_Of_GOD,5.00%,Ring_,17.20%,Magestic_Goat,15.50%,Yggdrasilberry,55.00%,Royal_Jelly,50.00%,Crystal_Jewel__,50.00%
1600,Heater,,68,동물,불,,,,,,,,,,,,,,,,,,,,,,
1617,Old Stove,,68,무형,무속성,Battered_Kettle,10.00%,Burn_Tree,10.00%,Iron,5.00%,Lusty_Iron,0.50%,Iron_Ore,10.00%,Branch_Of_Dead_Tree,0.50%,Old_Steel_Plate,38.00%,Waste_Stove_Card,0.01%,,,,,,
1624,Old Stove,,68,무형,무속성,,,,,,,,,,,,,,,,,,,,,,
2074,Curupira,,68,인간형,땅,Meat,30.00%,Elunium_Stone,2.50%,Emveretarcon,0.10%,Tiger_Skin_Panties,5.00%,Mace_,1.00%,,,,,,,,,,,,
1159,Phreeoni,★MVP,69,동물,무속성,Thin_N'_Long_Tongue,97.00%,Forturn_Sword,5.00%,Sucsamad,1.50%,Jaws_Of_Ant,50.00%,Mr_Scream,3.00%,Elunium,29.00%,Weihna,1.00%,Phreeoni_Card,0.01%,Frozen_Heart,5.00%,Crystal_Jewel,10.00%,Star_Crumb,40.00%
1372,Goat,,69,동물,불,Goat's_Horn,45.59%,Gaoat's_Skin,25.00%,Empty_Bottle,50.00%,Red_Herb,5.00%,Blue_Herb,10.00%,Yellow_Herb,25.00%,Green_Herb,55.00%,Goat_Card,0.01%,,,,,,
1401,Shinobi,,69,인간형,어둠,Broken_Shuriken,53.35%,Ninja_Suit,0.02%,Cyfar,22.00%,Shinobi's_Sash,1.00%,Thief_Clothes_,0.01%,Black_Mask,20.00%,Murasame_,0.05%,Shinobi_Card,0.01%,,,,,,
1560,Shinobi,,69,인간형,어둠,,,,,,,,,,,,,,,,,,,,,,
1618,Ungoliant,,69,곤충,독,Long_Limb,45.00%,Jaws_Of_Ant,35.00%,Colorful_Shell,10.00%,Olivine,15.00%,Fluorescent_Liquid,25.00%,Dark_Red_Jewel,15.00%,Boots_,5.00%,Ungoliant_Card,0.01%,,,,,,
1717,Ferus,,69,드래곤,땅,Delicious_Fish,51.00%,Dragon_Canine,10.00%,Dragon_Scale,35.89%,Dragonball_Green,8.00%,Great_Nature,0.20%,Dragonball_Green,1.00%,Ferus__Card,0.01%,,,,,,,,
1737,Aliza,,69,인간형,무속성,Brigan,40.00%,Morpheus's_Shawl,0.10%,Rosary_,0.10%,Alice's_Apron,0.05%,Imperial_Cooking_Kits,0.50%,Sway_Apron,0.01%,Orleans_Server,0.05%,Aliza_Card,0.01%,,,,,,
1746,Aliza,,69,인간형,무속성,Sturdy_Iron_Piece,5.00%,,,,,,,,,,,,,,,,,,,,
1753,Frus,,69,악마,어둠,Rune_Of_Darkness,35.00%,Brigan,10.00%,Red_Gemstone,10.00%,Earring_,0.03%,Mantle_,0.10%,Elunium_Stone,5.00%,Frus_Card,0.01%,,,,,,,,
1760,Ferus,,69,드래곤,땅,,,,,,,,,,,,,,,,,,,,,,
1762,Frus,,69,악마,어둠,Rune_Of_Darkness,5.00%,,,,,,,,,,,,,,,,,,,,
1770,Echio,,69,인간형,무속성,Suspicious_Hat,25.00%,Seed_Of_Yggdrasil,0.10%,Bloody_Rune,40.00%,Beret,0.20%,Holy_Arrow_Quiver,0.20%,Bloody_Rune,1.00%,Divine_Cloth,0.20%,Echio_Card,0.01%,,,,,,
1787,Echio,,69,인간형,무속성,Suspicious_Hat,0.01%,,,,,,,,,,,,,,,,,,,,
1112,Drake,★MVP,70,언데드,불사,Saber_,6.00%,Ring_Pommel_Saber_,9.50%,Cutlas,1.50%,Hae_Dong_Gum_,4.00%,Corsair,3.50%,Elunium,32.00%,Krasnaya,1.00%,Drake_Card,0.01%,White_Potion,50.00%,Violet_Jewel,5.00%,,
1283,Chimera,,70,동물,불,Brigan,53.35%,Slender_Snake,25.00%,Lemon,10.00%,War_Axe,0.01%,Citrine,15.00%,Great_Axe,0.01%,Oridecon,1.60%,Chimera_Card,0.01%,,,,,,
1316,Solider,,70,동물,땅,Turtle_Shell,44.13%,Broken_Shell,0.64%,Stone_Piece,8.50%,Yellow_Herb,21.00%,Zargon,12.40%,Honey,8.50%,Chain,0.01%,Solider_Card,0.01%,,,,,,
1376,Harpy,,70,악마,바람,Harpy's_Feather,48.50%,Harpy's_Claw,25.00%,Yellow_Herb,15.00%,Yellow_Herb,8.00%,Izidor,0.20%,Electric_Fist,0.20%,Harpy_Card,0.01%,,,,,,,,
1456,Chimera,,70,동물,불,,,,,,,,,,,,,,,,,,,,,,
1583,Tao Gunka,★MVP,70,악마,무속성,Gemstone,48.50%,Stone_Piece,48.50%,Golden_Jewel,10.00%,Binoculars,4.00%,White_Potion,30.00%,Iron_Ore,10.00%,Gemmed_Sallet_,0.05%,Tao_Gunka_Card,0.01%,Oridecon,60.00%,Old_Violet_Box,30.00%,Blue_Potion,60.00%
1602,Solider,,70,동물,땅,,,,,,,,,,,,,,,,,,,,,,
1691,Kraben,,70,무형,유령,Leaflet_Of_Aloe,0.01%,Leaflet_Of_Aloe,0.01%,Leaflet_Of_Aloe,0.01%,Leaflet_Of_Aloe,0.01%,Leaflet_Of_Aloe,0.01%,Leaflet_Of_Aloe,0.01%,Leaflet_Of_Aloe,0.01%,,,,,,,,
1714,Ferus,,70,드래곤,불,Strawberry,22.00%,Dragon_Canine,10.00%,Dragon's_Skin,10.00%,Dragon_Scale,20.00%,Dragonball_Red,8.00%,Flame_Heart,0.20%,Magni_Cap,0.50%,Ferus_Card,0.01%,,,,,,
1752,Skogul,,70,악마,어둠,Rune_Of_Darkness,35.00%,Brigan,10.00%,Red_Gemstone,10.00%,Rouge,5.00%,Skul_Ring,1.00%,Elunium_Stone,5.00%,Blood_Tears,0.05%,Skogul_Card,0.01%,,,,,,
1758,Ferus,,70,드래곤,불,,,,,,,,,,,,,,,,,,,,,,
1761,Skogul,,70,악마,어둠,Rune_Of_Darkness,5.00%,,,,,,,,,,,,,,,,,,,,
1975,Beholder master,,70,무형,바람,Prickly_Fruit,30.00%,Anodyne,1.00%,Rough_Wind,1.00%,Elunium,0.10%,Chameleon_Armor,0.10%,Old_Blue_Box,0.02%,Linen_Glove,0.02%,,,,,,,,
2073,Toucan,,70,동물,바람,Talon,30.00%,Cyfar,10.00%,Blue_Herb,0.50%,Yellow_Herb,1.00%,Flower_Ring,2.00%,,,,,,,,,,,,
1201,Rybio,,71,악마,무속성,Thin_N'_Long_Tongue,38.80%,Executioner's_Mitten,0.03%,White_Herb,18.00%,Crystal_Jewel_,0.30%,Frozen_Heart,0.10%,Oridecon,1.00%,Izidor,0.30%,Rybio_Card,0.01%,,,,,,
1204,Ogretooth,,71,무형,어둠,Old_Hilt,0.01%,Silver_Knife_Of_Chaste,0.50%,Muscovite,15.00%,Dagger_,0.70%,Stiletto_,0.40%,Steel,1.20%,Oridecon,1.89%,Tirfing_Card,0.01%,,,,,,
1315,Assaulter,,71,인간형,바람,Turtle_Shell,44.13%,Broken_Armor_Piece,12.00%,Rust_Suriken,8.40%,Yellow_Herb,12.80%,Zargon,12.40%,Huuma_Bird_Wing,0.05%,Old_Blue_Box,0.01%,Assulter_Card,0.01%,,,,,,
1483,Rybio,,71,악마,무속성,,,,,,,,,,,,,,,,,,,,,,
1486,Ogretooth,,71,무형,어둠,,,,,,,,,,,,,,,,,,,,,,
1492,Samurai Specter,★MVP,71,인간형,어둠,Masamune,0.02%,Elunium,35.00%,Assassin_Mask_,5.00%,Yggdrasilberry,45.00%,Steel,63.05%,Huuma_Blaze,75.00%,Azoth,0.80%,Incant_Samurai_Card,0.01%,Yggdrasilberry,55.00%,Seed_Of_Yggdrasil,35.00%,Elunium,55.00%
1505,Loli Ruri,,71,악마,어둠,Black_Kitty_Doll,8.00%,Striped_Socks,30.00%,Bat_Cage,50.44%,Elunium,1.00%,Loki's_Whispers,0.01%,Lunatic_Brooch,0.05%,Loli_Ruri_Card,0.01%,,,,,,,,
1542,Incantation Samurai,,71,인간형,어둠,,,,,,,,,,,,,,,,,,,,,,
1622,Teddy Bear,,71,무형,무속성,Screw,38.00%,Honey,10.00%,Oridecon_Hammer,3.00%,Gold_Lux,0.05%,Angry_Mouth,0.50%,Cursed_Lucky_Brooch,0.10%,Elunium,1.00%,Teddy_Bear_Card,0.01%,,,,,,
1866,Hell Poodle,,71,악마,어둠,Monster's_Feed,50.00%,Tooth_Blade,0.10%,Wild_Beast_Claw,0.10%,Skel_Bone,45.00%,Well_Dried_Bone,0.20%,Animal's_Skin,55.00%,Pet_Food,4.00%,Hell_Poodle_Card,0.01%,,,,,,
1892,Lolo Ruri,,71,악마,어둠,,,,,,,,,,,,,,,,,,,,,,
2072,Jaguar,,71,동물,땅,Leopard_Skin,30.00%,Leopard_Talon,20.00%,Animal's_Skin,10.00%,Oridecon_Stone,0.40%,Claw_,0.01%,,,,,,,,,,,,
1046,Doppelganger,★MVP,72,악마,어둠,Plate_Armor_,2.50%,Broad_Sword_,2.20%,Zweihander,1.50%,Sharp_Gear,3.50%,Lance_,5.50%,Elunium,36.86%,Oridecon,27.00%,Doppelganger_Card,0.01%,Cardinal_Jewel_,15.00%,Blue_Potion,60.00%,,
1259,Gryphon,,72,동물,바람,Talon_Of_Griffin,25.00%,Brigan,53.35%,Soft_Feather,1.20%,Guisarme_,15.00%,Pole_Axe,0.01%,Oridecon,1.85%,Rough_Wind,1.50%,Gryphon_Card,0.01%,,,,,,
1319,Freezer,,72,동물,물,Turtle_Shell,44.13%,Broken_Shell,8.50%,Ice_Piece,12.50%,Zargon,18.00%,Royal_Jelly,1.60%,Cyfar,6.00%,Cold_Scroll_1_5,1.00%,Freezer_Card,0.01%,,,,,,
1447,Gryphon,,72,동물,바람,,,,,,,,,,,,,,,,,,,,,,
1507,Bloody Murderer,,72,인간형,어둠,Old_Manteau,41.71%,Distorted_Portrait,10.00%,Rusty_Cleaver,20.00%,Mr_Scream,0.50%,Oridecon,1.00%,Mama's_Knife,0.03%,Ginnungagap,0.01%,Bloody_Murderer_Card,0.01%,,,,,,
1518,White Lady,,72,인간형,물,Long_Hair,55.00%,Old_Blue_Box,0.02%,Old_Violet_Box,0.02%,Limpid_Celestial_Robe,30.00%,Soft_Silk_Cloth,10.00%,Crystal_Mirror,5.00%,Tiara,0.01%,,,,,,,,
1594,Freezer,,72,동물,물,,,,,,,,,,,,,,,,,,,,,,
1676,Venatu,,72,무형,무속성,Screw,20.00%,Piece_Of_Crest1,3.50%,Steel,3.00%,Mystery_Piece,3.00%,Drifter,0.05%,Elunium,0.10%,High_end_Cooking_Kits,1.00%,Venatu_Card,0.01%,,,,,,
1681,Gemini-S58,,72,무형,물,Skull,30.00%,Old_Blue_Box,10.00%,Butcher_,0.05%,Yellow_Slim_Potion,5.00%,White_Slim_Potion,4.00%,Cookbook08,0.06%,Stone_Of_Intelligence_,3.00%,Gemini_Card,0.01%,,,,,,
1731,Doppelganger,,72,천사,유령,Warrior_Symbol,100.00%,,,,,,,,,,,,,,,,,,,,
1823,Freezer,,72,동물,물,Wooden_Block_,30.00%,,,,,,,,,,,,,,,,,,,,
1887,Freezer,,72,동물,물,Cyfar,20.00%,Ice_Piece,20.00%,,,,,,,,,,,,,,,,,,
1966,Doppelganger,,72,악마,어둠,,,,,,,,,,,,,,,,,,,,,,
1976,Cobalt Mineral,,72,무형,무속성,Fragment_Of_Crystal,30.00%,Golden_Jewel,5.00%,Elemental_Sword,0.05%,Oridecon,0.80%,Emveretarcon,8.00%,Yellow_Gemstone,1.00%,Gold,0.02%,Emperium,0.02%,,,,,,
1202,Phendark,,73,인간형,무속성,Thin_N'_Long_Tongue,38.80%,Executioner's_Mitten,0.04%,White_Herb,18.00%,Oridecon,1.50%,Electric_Wire,1.00%,Phendark_Card,0.01%,,,,,,,,,,
1252,Hatii,★MVP,73,동물,물,Fang_Of_Garm,55.00%,Ice_Falchon,1.50%,Katar_Of_Cold_Icicle,5.00%,Claw_Of_Garm,5.00%,Elunium,39.77%,Oridecon,29.00%,Garm_Card,0.01%,,,Fang_Of_Garm,10.00%,Old_Blue_Box,30.00%,Mistic_Frozen,30.00%
1290,Skeleton General,,73,언데드,불사,Burn_Tree,25.50%,Oridecon_Stone,1.60%,Yellow_Herb,8.00%,Gladius_,0.35%,Gladius,0.80%,Sandstorm,0.15%,Ghost_Bandana,0.01%,Skeleton_General_Card,0.01%,,,,,,
1418,Evil Snake Lord,★MVP,73,동물,유령,Taegeuk_Plate,58.20%,Sword_Of_Grave_Keeper,51.00%,Hell_Fire,0.80%,Ph.D_Hat,0.80%,Gae_Bolg,5.00%,Pill,9.00%,Sway_Apron,20.00%,Dark_Snake_Lord_Card,0.01%,Yggdrasilberry,55.00%,Old_Violet_Box,50.00%,Elunium,55.00%
1484,Phendark,,73,인간형,무속성,,,,,,,,,,,,,,,,,,,,,,
1529,Evil Snake Lord,,73,동물,유령,,,,,,,,,,,,,,,,,,,,,,
1769,Agav,,73,인간형,무속성,Suspicious_Hat,25.00%,High_Fashion_Sandals,0.02%,Bloody_Rune,40.00%,Memorize_Book,0.01%,Holy_Arrow_Quiver,0.50%,Bloody_Rune,1.00%,Agav_Card,0.01%,,,,,,,,
1786,Agav,,73,인간형,무속성,Suspicious_Hat,0.01%,,,,,,,,,,,,,,,,,,,,
1889,Marozka's Guard,,73,동물,물,Cyfar,20.00%,Ice_Piece,20.00%,,,,,,,,,,,,,,,,,,
1977,Heavy Metaling,,73,무형,무속성,Tube,40.00%,Iron_Ore,10.00%,Iron,5.00%,Large_Jellopy,10.00%,Screw,2.00%,Dagger_Of_Hunter,0.05%,Jubilee,50.00%,,,,,,,,
1059,Mistress,★MVP,74,곤충,바람,Gungnir,1.50%,Honey,100.00%,Coronet,2.50%,Old_Card_Album,10.00%,Young_Twig,0.10%,Elunium,42.68%,Red_Square_Bag,1.00%,Mistress_Card,0.01%,Rough_Wind,15.00%,Royal_Jelly,40.00%,Scarlet_Jewel,30.00%
1190,Orc Lord,★MVP,74,인간형,땅,Brood_Axe,4.00%,Ring_,4.00%,Loard_Circlet,4.00%,Doom_Slayer_,4.00%,Old_Violet_Box,10.00%,Elunium,42.68%,Erde,31.00%,Orc_Load_Card,0.01%,Voucher_Of_Orcish_Hero,55.00%,Old_Violet_Box,20.00%,,
1208,Wanderer,,74,악마,바람,Skull,48.50%,Old_Card_Album,0.01%,Hakujin_,0.05%,Centimental_Leaf,0.05%,Leaf_Of_Yggdrasil,6.50%,Oridecon,2.17%,Muramasa,0.01%,Wander_Man_Card,0.01%,,,,,,
1285,Archer Guardian,,74,인간형,무속성,,,,,,,,,,,,,,,,,,,,,,
1291,Wraith Dead,,74,언데드,불사,Transparent_Cloth,44.13%,Wedding_Veil,0.10%,Manteau_,0.08%,Red_Gemstone,7.00%,Crystal_Jewel__,0.05%,Old_Blue_Box,1.00%,Lemon,3.00%,Wraith_Dead_Card,0.01%,,,,,,
1490,Wanderer,,74,악마,바람,,,,,,,,,,,,,,,,,,,,,,
1566,Wraith Dead,,74,언데드,불사,,,,,,,,,,,,,,,,,,,,,,
1098,Anubis,,75,인간형,불사,Rotten_Bandage,30.00%,Healing_Staff,0.10%,Mementos,5.50%,Oridecon,1.05%,Sacred_Masque,43.65%,Mitten_Of_Presbyter,0.01%,Blessed_Wand,0.03%,Anubis_Card,0.01%,,,,,,
1295,Owl Baron,,75,악마,무속성,Tatters_Clothes,35.00%,Soft_Feather,25.00%,Kakkung_,0.02%,Staff_Of_Soul,0.01%,Walking_Stick,0.02%,Wind_Scroll_1_5,1.00%,Magician_Hat,0.05%,Owl_Baron_Card,0.01%,,,,,,
1320,Owl Duke,,75,악마,무속성,Tatters_Clothes,44.13%,Soft_Feather,15.00%,Wind_Scroll_1_5,1.00%,Crystal_Mirror,0.01%,Guisarme,0.03%,Morning_Star,0.02%,Magician_Hat,0.01%,Owl_Duke_Card,0.01%,,,,,,
1374,Incubus,,75,악마,어둠,Fruit_Of_Mastela,15.00%,White_Herb,55.00%,Inccubus_Horn,0.01%,Ring_,0.01%,Gold_Ring,5.00%,Diamond_Ring,1.50%,White_Herb,22.00%,Incubus_Card,0.01%,,,,,,
1390,Violy,,75,인간형,무속성,Golden_Hair,63.05%,High_end_Cooking_Kits,0.50%,Stuffed_Doll,12.00%,Base_Guitar,0.50%,Royal_Jelly,14.00%,Water_Of_Darkness,10.00%,Violin_,5.00%,Violy_Card,0.01%,,,,,,
1580,Incubus,,75,악마,어둠,,,,,,,,,,,,,,,,,,,,,,
1679,Venatu,,75,무형,물,Screw,20.00%,Piece_Of_Crest4,3.00%,Steel,3.00%,Mystery_Piece,3.00%,Hyper_Changer,0.10%,Elunium,0.10%,High_end_Cooking_Kits,1.00%,Venatu_Card,0.01%,,,,,,
1735,Alicel,,75,악마,무속성,Burnt_Parts,20.00%,Sturdy_Iron_Piece,30.00%,Steel,2.00%,Screw,5.00%,Drill_Katar,0.05%,Elunium,0.10%,Vali's_Manteau,0.20%,Alicel_Card,0.01%,,,,,,
1736,Aliot,,75,악마,무속성,Burnt_Parts,20.00%,Sturdy_Iron_Piece,30.00%,Falcon_Robe,0.10%,Screw,5.00%,Claw_,0.10%,Elunium,0.10%,Curved_Sword,0.15%,Aliot_Card,0.01%,,,,,,
1739,Alicel,,75,악마,무속성,Sturdy_Iron_Piece,5.00%,,,,,,,,,,,,,,,,,,,,
1740,Aliot,,75,악마,무속성,Sturdy_Iron_Piece,5.00%,,,,,,,,,,,,,,,,,,,,
1865,Ragged Zombie,,75,언데드,불사,Clattering_Skull,30.00%,Tidal_Shoes,0.15%,Mementos,15.00%,Skel_Bone,45.00%,Expert_Ring,0.02%,Wasteland_Outlaw,0.10%,Ragged_Zombie_Card,0.01%,,,,,,,,
1988,Nepenthes,,75,식물,독,Mandragora_Cap,0.01%,Stem_Of_Nepenthes,0.01%,Harp_Of_Nepenthes,0.01%,Nepenthes_Bow,0.01%,Strong_Bine,30.00%,Yellow_Live,0.50%,Stem,90.00%,,,,,,,,
2070,Piranha,,75,어류,물,Gill,6.00%,Mistic_Frozen,0.05%,Sharp_Scale,90.00%,Tooth_Of_Ancient_Fish,5.00%,Lip_Of_Ancient_Fish,5.00%,Scalpel,0.01%,Fisherman's_Dagger,0.05%,,,,,,,,
2082,Piranha,,75,어류,물,,,,,,,,,,,,,,,,,,,,,,
1203,Mysteltainn,,76,무형,어둠,Loki's_Whispers,0.01%,Biotite,15.00%,Slayer_,0.70%,Bastard_Sword_,0.40%,Claymore,0.02%,Steel,1.20%,Oridecon,2.43%,Mysteltainn_Card,0.01%,,,,,,
1307,Cat o' Nine Tails,,76,악마,불,Puppy_Love,0.01%,Silver_Knife_Of_Chaste,1.50%,Punisher,0.05%,Elunium,6.00%,Oridecon,8.00%,Gold,0.06%,Old_Violet_Box,0.01%,Cat_O_Nine_Tail_Card,0.01%,,,,,,
1485,Mysteltainn,,76,무형,어둠,,,,,,,,,,,,,,,,,,,,,,
1716,Acidus,,76,드래곤,바람,Blue_Potion,1.50%,Dragon_Canine,40.00%,Blue_Herb,1.50%,Dragon_Scale,35.89%,Dragonball_Blue,8.00%,Rough_Wind,0.20%,Dragonball_Blue,1.00%,Acidus__Card,0.01%,,,,,,
1759,Acidus,,76,드래곤,바람,,,,,,,,,,,,,,,,,,,,,,
1837,Fire Imp,,76,악마,불,Hot_Hair,30.00%,Huuma_Blaze,0.03%,Live_Coal,25.00%,Heart_Breaker,0.10%,Electric_Eel,0.25%,Flaming_Ice,0.20%,Imp_Card,0.01%,,,,,,,,
1087,Orc Hero,★MVP,77,인간형,땅,Voucher_Of_Orcish_Hero,97.00%,Monkey_Circlet,5.00%,Right_Epsilon,1.50%,Shield_,2.50%,Orcish_Sword,10.00%,Elunium,45.59%,Giant_Axe,1.00%,Orc_Hero_Card,0.01%,Red_Jewel,20.00%,Yggdrasilberry,15.00%,Steel,50.00%
1251,Stormy Knight,★MVP,77,무형,바람,Zephyrus,1.50%,Old_Blue_Box,30.00%,Old_Violet_Box,40.00%,Ring_,2.00%,Manteau_,5.00%,Elunium,45.59%,Loard_Circlet,0.01%,Knight_Windstorm_Card,0.01%,Skyblue_Jewel,45.00%,Boots_,5.00%,Mistic_Frozen,30.00%
1302,Dark Illusion,,77,악마,불사,Bone_Wand,0.03%,Bone_Helm,0.02%,Ragamuffin_Cape,0.03%,Brigan,53.35%,Fruit_Of_Mastela,1.20%,White_Herb,15.50%,Broad_Sword_,0.02%,Dark_Illusion_Card,0.01%,,,,,,
1366,Lava Golem,,77,무형,불,Cold_Magma,45.59%,Burning_Heart,36.86%,Plate_Armor_,0.01%,Plate_Armor,0.02%,White_Herb,25.00%,Magma_Fist,0.20%,Lava_Golem_Card,0.01%,,,,,,,,
1549,Lava Golem,,77,무형,불,,,,,,,,,,,,,,,,,,,,,,
1605,Dark Illusion,,77,악마,불사,,,,,,,,,,,,,,,,,,,,,,
1669,Dimik,,77,무형,무속성,Dimik_Card,0.01%,,,,,,,,,,,,,,,,,,,,
1675,Venatu,,77,무형,불,Venatu_Card,0.01%,,,,,,,,,,,,,,,,,,,,
1703,Lady Solace,,77,천사,성,Blue_Feather,2.00%,Ring_,0.01%,Stone_Of_Intelligence_,0.50%,Dark_Red_Jewel,10.00%,Harp_,0.50%,Harp,1.00%,Cursed_Seal,0.50%,Solace_Card,0.01%,,,,,,
1864,Zombie Slaughter,,77,언데드,불사,Clattering_Skull,30.00%,Platinum_Shotel,0.10%,Mementos,15.00%,Broken_Farming_Utensil,30.00%,Sticky_Mucus,30.00%,Zombie_Slaughter_Card,0.01%,,,,,,,,,,
1038,Osiris,★MVP,78,언데드,불사,Old_Violet_Box,20.00%,Assasin_Dagger,1.50%,Crown,2.00%,Jamadhar_,6.00%,Sacred_Marks,10.00%,Spinx_Helm,1.50%,Cakram,1.00%,Osiris_Card,0.01%,Old_Blue_Box,40.00%,Seed_Of_Yggdrasil,30.00%,Osiris_Doll,5.00%
1379,Nightmare Terror,,78,악마,어둠,Burning_Horse_Shoe,49.47%,Rosary_,0.01%,Rosary,0.30%,Blue_Potion,0.50%,Blue_Herb,1.50%,Ghost_Scroll_1_5,1.00%,Infiltrator,0.01%,Nightmare_Terror_Card,0.01%,,,,,,
1554,Nightmare Terror,,78,악마,어둠,,,,,,,,,,,,,,,,,,,,,,
1678,Venatu,,78,무형,땅,Screw,20.00%,Piece_Of_Crest3,4.00%,Steel,3.00%,Mystery_Piece,3.00%,Hyper_Changer,0.10%,Elunium,0.10%,High_end_Cooking_Kits,1.00%,Venatu_Card,0.01%,,,,,,
1148,Medusa,,79,악마,무속성,Slender_Snake,53.35%,Whip_Of_Red_Flame,2.50%,Animal_Blood,2.00%,Sea_Witch_Foot,0.20%,Scarlet_Jewel,2.50%,Turtle_Shell,35.00%,Penetration,0.03%,Medusa_Card,0.01%,,,,,,
1198,Dark Priest,,79,악마,불사,Book_Of_The_Apocalypse,0.05%,Rosary,0.30%,Blue_Potion,1.00%,Red_Gemstone,4.50%,Sacred_Marks,0.50%,Glittering_Clothes,0.05%,Cursed_Dagger,0.01%,Dark_Priest_Card,0.01%,,,,,,
1219,Abysmal Knight,,79,인간형,어둠,Reins,53.35%,Blade_Lost_In_Darkness,0.05%,Clothes_Of_The_Lord,0.01%,Battle_Hook,0.25%,Broad_Sword_,0.01%,Elunium,3.69%,Oridecon,2.59%,Knight_Of_Abyss_Card,0.01%,,,,,,
1658,Egnigem Cenia,★MVP,79,인간형,불,Broad_Sword_,10.00%,Gift_Box,50.00%,Old_Blue_Box,50.00%,Schweizersabel,10.00%,Formal_Suit,10.00%,Boots_,10.00%,Nagan,10.00%,B_Ygnizem_Card,0.01%,Old_Violet_Box,55.00%,Old_Blue_Box,50.00%,Crystal_Jewel__,20.00%
1668,Archdam,,79,인간형,무속성,Screw,50.00%,Steel,5.00%,Oridecon,2.00%,Elunium,2.00%,Gate_Keeper,0.05%,Gate_KeeperDD,0.05%,Archdam_Card,0.01%,,,,,,,,
1670,Dimik,,79,무형,바람,Old_Steel_Plate,20.00%,Transparent_Plate01,0.50%,Steel,3.00%,Mystery_Piece,3.00%,Dusk,0.05%,Oridecon,0.10%,Imperial_Cooking_Kits,0.50%,Dimik_Card,0.01%,,,,,,
1702,Baroness of Retribution,,79,천사,어둠,Red_Feather,4.00%,Ring_,0.01%,Stone_Of_Intelligence_,0.50%,Cardinal_Jewel,10.00%,Manteau_,0.05%,Two_Hand_Sword_,0.10%,Cursed_Seal,0.50%,Retribution_Card,0.01%,,,,,,
1749,Medusa,,79,악마,무속성,,,,,,,,,,,,,,,,,,,,,,
1893,Abysmal Knight,,79,인간형,어둠,,,,,,,,,,,,,,,,,,,,,,
1967,Egnigem Cenia,,79,인간형,불,,,,,,,,,,,,,,,,,,,,,,
2069,Iara,,79,어류,물,Mistic_Frozen,0.05%,Heart_Of_Mermaid,90.00%,Fin,5.00%,Witherless_Rose,0.50%,Crystal_Mirror,1.00%,Illusion_Flower,0.10%,Mage_Coat,0.01%,,,,,,,,
1272,Dark Lord,★MVP,80,악마,불사,Bone_Wand,8.00%,Kronos,1.00%,Grimtooth_,3.00%,Mage_Coat,3.00%,Cape_Of_Ancient_Lord,1.00%,Elunium,51.41%,Bone_Helm_,0.10%,Dark_Lord_Card,0.01%,Skull,60.00%,Blue_Coif_,5.00%,Old_Violet_Box,20.00%
1672,Dimik,,80,무형,땅,Old_Steel_Plate,20.00%,Transparent_Plate03,0.50%,Steel,3.00%,Mystery_Piece,3.00%,Hyper_Changer,0.10%,Oridecon,0.10%,Imperial_Cooking_Kits,0.50%,Dimik_Card,0.01%,,,,,,
1677,Venatu,,80,무형,바람,Screw,20.00%,Piece_Of_Crest2,5.00%,Steel,3.00%,Mystery_Piece,3.00%,Long_Barrel_,0.10%,Elunium,0.10%,High_end_Cooking_Kits,1.00%,Venatu_Card,0.01%,,,,,,
1701,Mistress of Shelter,,80,천사,성,Red_Feather,2.00%,Cursed_Seal,0.01%,Stone_Of_Intelligence_,0.50%,Scarlet_Jewel,10.00%,Skull,10.00%,Cursed_Seal,0.50%,Shelter_Card,0.01%,,,,,,,,
1713,Acidus,,80,드래곤,성,Orange,51.00%,Dragon_Canine,40.00%,Treasure_Box,0.05%,Dragon_Scale,35.89%,Dragonball_Yellow,8.00%,Inverse_Scale,0.10%,Stone_Buckler,0.50%,Acidus_Card,0.01%,,,,,,
1757,Acidus,,80,드래곤,성,,,,,,,,,,,,,,,,,,,,,,
1814,Moonlight Flower,,80,동물,불,,,,,,,,,,,,,,,,,,,,,,
1830,Bow Master,,80,인간형,무속성,Broken_Armor_Piece,30.00%,Luna_Bow,0.30%,Bow,0.50%,Sniping_Suit,0.20%,Orleans_Glove,0.04%,Bow_Guardian_Card,0.01%,,,,,,,,,,
1871,Fallen Bishop Hibram,★MVP,80,악마,어둠,Holy_Water,100.00%,Long_Horn,10.00%,Spiritual_Ring,5.00%,Hunting_Spear,10.00%,Elunium,54.32%,Blessed_Wand,20.00%,Fallen_Bishop_Card,0.01%,,,Yggdrasilberry,55.00%,Seed_Of_Yggdrasil,35.00%,Crystal_Jewel__,20.00%
1875,Dead King,,80,언데드,불사,Broken_Crown,90.00%,Sticky_Mucus,90.00%,,,,,,,,,,,,,,,,,,
1932,Garden Keeper,,80,무형,땅,Crystal_Key,90.00%,,,,,,,,,,,,,,,,,,,,
1950,Camp Guardian,,80,인간형,무속성,,,,,,,,,,,,,,,,,,,,,,
1995,Pinguicula,,80,식물,땅,Pinguicula_Corsage,0.01%,Whip_Of_Balance,0.10%,Centimental_Leaf,0.10%,Sharp_Leaf,50.00%,Great_Leaf,20.00%,Browny_Root,30.00%,Flower,10.00%,,,,,,,,
1999,Centipede Larva,,80,곤충,독,Boots_,0.09%,Crystal_Jewel__,0.50%,Short_Leg,53.35%,Zargon,50.00%,Worm_Peelings,90.00%,Solid_Shell,25.00%,Centipede_Larva_Card,0.01%,,,,,,,,
2031,Dandelion,,80,인간형,어둠,Pope's_Cookie,50.00%,,,,,,,,,,,,,,,,,,,,
2071,Headless Mule,,80,악마,불,Burning_Horse_Shoe,40.00%,Plate_Armor_,0.05%,Burning_Heart,10.00%,Hot_Hair,10.00%,Inverse_Scale,0.01%,Plate_Armor_,0.01%,Jamadhar_,0.02%,,,,,,,,
1039,Baphomet,★MVP,81,악마,어둠,Crescent_Scythe,4.00%,Magestic_Goat,3.00%,Crescent_Scythe_,0.50%,Emperium,5.00%,Magestic_Goat_,0.10%,Elunium,54.32%,Oridecon,41.71%,Baphomet_Card,0.01%,Yggdrasilberry,20.00%,Baphomet_Doll,5.00%,Evil_Horn,50.00%
1147,Maya,★MVP,81,곤충,땅,Queen's_Hair_Ornament,5.00%,Safety_Ring,2.00%,Tiara,2.00%,Armlet_Of_Obedience,5.00%,Mother's_Nightmare,0.10%,Elunium,35.00%,Dea_Staff,1.00%,Maya_Card,0.01%,Crystal_Jewel,20.00%,Old_Blue_Box,30.00%,Old_Violet_Box,20.00%
1289,Maya Purple,,81,곤충,땅,Cyfar,44.13%,Elunium_Stone,2.50%,Oridecon_Stone,3.00%,Gold,1.00%,Oridecon,1.50%,Queen's_Hair_Ornament,0.01%,Cookbook10,0.02%,Maya_Puple_Card,0.01%,,,,,,
1700,Dame of Sentinel,,81,천사,무속성,Blue_Feather,5.00%,Ring_,0.01%,Cursed_Seal,1.00%,Golden_Jewel,10.00%,Stone_Of_Intelligence_,1.00%,Hair_Band,0.10%,Golden_Bracelet,1.00%,Observation_Card,0.01%,,,,,,
1754,Skeggiold,,81,천사,성,Rune_Of_Darkness,60.00%,Angelic_Chain,0.01%,Soft_Feather,10.00%,Divine_Cross,0.25%,Rune_Of_Darkness,10.00%,Silk_Robe_,1.00%,Odin's_Blessing,1.00%,Skeggiold_Card,0.01%,,,,,,
1763,Skeggiold,,81,천사,성,Rune_Of_Darkness,5.00%,,,,,,,,,,,,,,,,,,,,
1867,Banshee,,81,악마,어둠,Old_White_Cloth,30.00%,Orleans_Gown,0.10%,Scalpel,0.10%,Wool_Scarf,0.10%,Mementos,15.00%,Brigan,53.35%,Banshee_Card,0.01%,,,,,,,,
1868,Banshee,,81,악마,어둠,,,,,,,,,,,,,,,,,,,,,,
1897,Baphomet,,81,악마,어둠,,,,,,,,,,,,,,,,,,,,,,
1933,Garden Watcher,,81,천사,무속성,,,,,,,,,,,,,,,,,,,,,,
1268,Bloody Knight,,82,무형,어둠,Brigan,48.50%,Helm_,0.45%,Plate_Armor_,0.05%,Strong_Shield,0.62%,Katzbalger,0.01%,Pole_Axe,0.02%,Elunium,4.33%,Bloody_Knight_Card,0.01%,,,,,,
1569,Bloody Knight,,82,무형,어둠,,,,,,,,,,,,,,,,,,,,,,
1638,Cecil Damon,,82,인간형,바람,Armlet_Of_Prisoner,30.00%,Imma_Arrow_Container,1.10%,Tights_,0.10%,CrossBow_,1.00%,Ori_Arrow_Container,1.50%,Old_Blue_Box,0.50%,Falken_Blitz,0.01%,Shecil_Card,0.01%,,,,,,
1673,Dimik,,82,무형,불,Old_Steel_Plate,20.00%,Transparent_Plate04,0.50%,Steel,3.00%,Mystery_Piece,3.00%,Hyper_Changer,0.10%,Oridecon,0.10%,Imperial_Cooking_Kits,0.50%,Dimik_Card,0.01%,,,,,,
1723,Cecil Damon,,82,인간형,바람,,,,,,,,,,,,,,,,,,,,,,
1785,Atroce,★MVP,82,동물,어둠,Bloody_Rune,70.00%,Seed_Of_Yggdrasil,10.00%,Ring_,10.00%,Old_Violet_Box,50.00%,Yggdrasilberry,50.00%,Ulle_Cap,1.00%,Altas_Weapon,1.00%,Atroce_Card,0.01%,Yggdrasilberry,55.00%,Old_Violet_Box,50.00%,Old_Violet_Box,50.00%
1795,Bloody Knight,,82,천사,유령,Pole_Axe,1.00%,Grave_,1.00%,Pauldron,2.00%,Full_Plate_Armor_,3.00%,Celestial_Robe,2.00%,Survival_Rod2_,2.00%,Old_Violet_Box,70.00%,Anti_Spell_Bead,100.00%,,,,,,
1979,Zakudam,,82,인간형,무속성,Screw,50.00%,Steel,5.00%,Oridecon,2.00%,Elunium,2.00%,Gate_Keeper,0.05%,Gate_KeeperDD,0.05%,Improved_Tights,0.10%,,,,,,,,
2008,Woomawang,,82,악마,유령,,,,,,,,,,,,,,,,,,,,,,
2009,Woomawang,,82,악마,유령,Cowking's_Nose_Ring,100.00%,,,,,,,,,,,,,,,,,,,,
2013,Draco,,82,드래곤,땅,Dragon's_Mane,30.00%,Dragon's_Skin,1.00%,Dragon_Canine,1.00%,Dragon_Train,10.00%,Dragon_Scale,10.00%,Honey,5.00%,Draco_Card,0.01%,,,,,,,,
1636,Howard Alt-Eisen,,83,인간형,물,Armlet_Of_Prisoner,30.00%,Pauldron,0.01%,Vecer_Axe,0.01%,Two_Handed_Axe_,1.10%,Buckler_,0.10%,Clothes_Of_The_Lord,0.01%,Old_Blue_Box,0.50%,Harword_Card,0.01%,,,,,,
1706,Maero of Thanatos,,83,언데드,유령,Brigan,10.00%,Crystal_Jewel_,5.00%,Crystal_Jewel__,1.00%,Piece_Of_Memory_Purple,100.00%,Old_Card_Album,0.10%,Goibne's_Armor,10.00%,Tha_Maero_Card,0.01%,,,,,,,,
1707,Dolor of Thanatos,,83,언데드,유령,Brigan,10.00%,Crystal_Jewel_,5.00%,Crystal_Jewel__,1.00%,Piece_Of_Memory_Green,100.00%,Old_Card_Album,0.10%,Goibne's_Helmet,10.00%,Tha_Dolor_Card,0.01%,,,,,,,,
1711,Maero of Thanatos,,83,언데드,유령,Brigan,10.00%,Crystal_Jewel_,5.00%,Crystal_Jewel__,1.00%,,,,,,,,,,,,,,,,
1712,Dolor of Thanatos,,83,언데드,유령,Brigan,10.00%,Crystal_Jewel_,5.00%,Crystal_Jewel__,1.00%,,,,,,,,,,,,,,,,
1755,Skeggiold,,83,천사,성,Rune_Of_Darkness,60.00%,Angelic_Chain,0.01%,Soft_Feather,10.00%,Divine_Cross,0.25%,Rune_Of_Darkness,10.00%,Silk_Robe_,1.00%,Odin's_Blessing,1.00%,Skeggiold_Card,0.01%,,,,,,
1764,Skeggiold,,83,천사,성,Rune_Of_Darkness,5.00%,,,,,,,,,,,,,,,,,,,,
2015,Dark Pinguicula,,83,식물,독,Sharp_Leaf,50.00%,Great_Leaf,20.00%,Browny_Root,30.00%,Karvodailnirol,0.10%,Withered_Flower,10.00%,,,,,,,,,,,,
2016,Aqua Elemental,,83,무형,물,Crystalized_Teardrop,10.00%,Fluorescent_Liquid,50.00%,Tiny_Waterbottle,1.00%,Aqua_Elemental_Card,0.01%,,,,,,,,,,,,,,
1974,Banshee Master,,84,악마,어둠,Brigan,53.35%,Old_White_Cloth,30.00%,Orleans_Gown,0.10%,Cursed_Star,0.02%,Wool_Scarf,0.10%,Mementos,15.00%,Shadow_Guard,0.20%,Banshee_Master_Card,0.01%,,,,,,
1370,Succubus,,85,악마,어둠,Fruit_Of_Mastela,15.00%,Chrystal_Pumps,0.03%,Boy's_Naivety,0.01%,Diamond_Ring,2.50%,Horn_Of_Succubus,0.01%,Staff_Of_Soul,0.01%,Blue_Potion,10.00%,Succubus_Card,0.01%,,,,,,
1389,Dracula,★MVP,85,악마,어둠,Yggdrasilberry,47.00%,Wizardy_Staff,0.05%,Balistar,0.05%,Cape_Of_Ancient_Lord,0.15%,Ring_,0.04%,Book_Of_The_Apocalypse,0.04%,Dracula_Card,0.01%,,,Yggdrasilberry,55.00%,Crystal_Jewel__,50.00%,Fruit_Of_Mastela,50.00%
1530,Dracula,,85,악마,어둠,,,,,,,,,,,,,,,,,,,,,,
1630,White Lady,★MVP,85,인간형,바람,Long_Hair,55.00%,Old_Blue_Box,50.00%,Tantanmen,0.50%,Limpid_Celestial_Robe,30.00%,Soft_Silk_Cloth,10.00%,Red_Silk_Seal,1.00%,Tiara,0.10%,Bacsojin_Card,0.01%,Yggdrasilberry,55.00%,Celestial_Robe,20.00%,Old_Violet_Box,50.00%
1689,White Lady,,85,인간형,바람,,,,,,,,,,,,,,,,,,,,,,
1833,Kasa,,85,무형,불,Burning_Heart,30.00%,Hot_Hair,25.00%,Flame_Heart,0.30%,Lesser_Elemental_Ring,0.01%,Flame_Sprits_Armor,0.10%,Burning_Bow,0.10%,Piercing_Staff,0.10%,Kasa_Card,0.01%,,,,,,
1835,Kasa,,85,무형,불,,,,,,,,,,,,,,,,,,,,,,
1885,Gopinich,★MVP,85,동물,땅,Old_Violet_Box,40.00%,Ring_,2.00%,Int_Dish10,10.00%,Ixion_Wing,1.00%,Pole_Axe,0.05%,Treasure_Box,50.00%,Loard_Circlet,0.01%,,,Yggdrasilberry,55.00%,Old_Violet_Box,50.00%,Old_Violet_Box,50.00%
1890,The Immortal Koshei,,85,동물,땅,,,,,,,,,,,,,,,,,,,,,,
1980,Kublin,★MVP,85,인간형,땅,Iron,2.70%,Scell,90.00%,Oridecon_Stone,0.43%,Goblini_Mask,0.03%,Red_Herb,18.00%,,,,,,,Pickaxe,100.00%,,,,
1982,Orc Sniper,,85,인간형,땅,,,,,,,,,,,,,,,,,,,,,,
2020,Rhyncho,,85,무형,물,Fluorescent_Liquid,50.00%,Karvodailnirol,0.05%,Crystal_Of_Soul_01,5.00%,,,,,,,,,,,,,,,,
2021,Phylla,,85,무형,물,Fluorescent_Liquid,50.00%,Detrimindexta,0.05%,Crystal_Of_Soul_02,5.00%,,,,,,,,,,,,,,,,
1286,Knight Guardian,,86,인간형,무속성,,,,,,,,,,,,,,,,,,,,,,
1623,RSX-0806,★MVP,86,무형,무속성,Wheel,60.00%,House_Auger,0.10%,House_Auger_,0.01%,Old_Violet_Box,10.00%,Headlamp,50.00%,Counter_Dagger,0.50%,Spanner,0.20%,Rsx_0806_Card,0.01%,Yggdrasilberry,55.00%,Dark_Blindfold,35.00%,Crystal_Jewel__,55.00%
1829,Sword Master,,86,인간형,무속성,Broken_Armor_Piece,30.00%,Doom_Slayer,0.30%,Claymore,0.50%,Zweihander,0.01%,Platinum_Shield,0.10%,Muscle_Cutter,0.50%,Sword_Guardian_Card,0.01%,,,,,,,,
1839,Byorgue,,86,인간형,무속성,Drill_Katar,0.50%,Assassin_Mask_,0.03%,Scalpel,1.50%,Agi_Dish07,5.00%,Old_Blue_Box,0.40%,Rider_Insignia_,0.01%,Vroken_Sword,43.65%,Byorgue_Card,0.01%,,,,,,
1899,Sword Guardian,,86,인간형,무속성,,,,,,,,,,,,,,,,,,,,,,
1949,Camp Guardian,,86,인간형,무속성,,,,,,,,,,,,,,,,,,,,,,
1978,Hell Apocalypse,,86,무형,무속성,Broken_Steel_Piece,53.35%,Steel,25.00%,Mystery_Piece,24.00%,Wheel,22.00%,Manteau_,0.20%,Elunium,0.05%,Life_Link,0.01%,Cardo,0.01%,,,,,,
1635,Eremes Guile,,87,악마,독,Lab_Staff_Record,20.00%,Krishna,0.01%,Pauldron,0.01%,Nail_Of_Loki,0.03%,Various_Jur,0.30%,Poison_Bottle,1.10%,Thief_Clothes_,0.02%,Eremes_Card,0.01%,,,,,,
1983,Depraved Orc Spirit,,87,언데드,불사,,,,,,,,,,,,,,,,,,,,,,
1511,Amon Ra,★MVP,88,인간형,땅,Spinx_Helm,1.50%,Safety_Ring,0.50%,Rojerta_Piece,77.60%,Elunium,38.80%,Old_Card_Album,4.00%,Tablet,0.10%,Yggdrasilberry,30.00%,Amon_Ra_Card,0.01%,Yggdrasilberry,55.00%,Seed_Of_Yggdrasil,35.00%,Crystal_Jewel__,55.00%
1626,Hellion Revenant,,88,악마,불사,Eye_Of_Hellion,80.00%,Eye_Of_Hellion,50.00%,Eye_Of_Hellion,30.00%,Eye_Of_Hellion,10.00%,Eye_Of_Hellion,5.00%,Eye_Of_Hellion,1.00%,,,,,,,,,,
1674,Monemus,,88,무형,불,Stone,20.00%,Stone_Heart,10.00%,,,,,,,,,,,,,,,,,,
1705,Despero of Thanatos,,88,언데드,유령,Brigan,10.00%,Crystal_Jewel_,5.00%,Crystal_Jewel__,1.00%,Piece_Of_Memory_Red,100.00%,Old_Card_Album,0.10%,Goibne's_Combat_Boots,10.00%,Tha_Despero_Card,0.01%,,,,,,,,
1710,Despero of Thanatos,,88,언데드,유령,Brigan,10.00%,Crystal_Jewel_,5.00%,Crystal_Jewel__,1.00%,,,,,,,,,,,,,,,,
1870,Necromancer,,88,언데드,불사,Clattering_Skull,30.00%,Lich_Bone_Wand,0.20%,Skel_Bone,45.00%,Mithril_Magic_Cape,0.10%,Blue_Gemstone,1.00%,Amulet,1.00%,Rent_Spell_Book,15.00%,Necromancer_Card,0.01%,,,,,,
1981,Safeguard Chief,,88,인간형,불,,,,,,,,,,,,,,,,,,,,,,
1671,Dimik,,89,무형,물,Old_Steel_Plate,20.00%,Transparent_Plate02,0.50%,Steel,3.00%,Mystery_Piece,3.00%,Thunder_P_,0.10%,Oridecon,0.10%,Imperial_Cooking_Kits,0.50%,Dimik_Card,0.01%,,,,,,
1688,Lady Tanee,★MVP,89,식물,바람,Agi_Dish10,50.00%,Tropical_Banana,40.00%,Fantastic_Cooking_Kits,10.00%,Banana_Hat,10.00%,Elunium,50.00%,Old_Violet_Box,20.00%,Kakkung_,60.00%,Lady_Tanee_Card,0.01%,Old_Violet_Box,55.00%,Dex_Dish10,50.00%,Crystal_Jewel__,20.00%
1720,Hydrolancer,,89,드래곤,어둠,Dragon's_Skin,40.00%,Dragon_Canine,40.00%,Tri_Headed_Dragon_Head,38.80%,Morpheus's_Hood,5.00%,Morrigane's_Helm,5.00%,Vit_Dish10,3.00%,Fricca_Circlet,5.00%,Hydro_Card,0.01%,,,,,,
1756,Hydrolancer,,89,드래곤,어둠,,,,,,,,,,,,,,,,,,,,,,
1768,Gloom Under Night,★MVP,89,무형,유령,Will_Of_Darkness_,70.00%,Blade_Lost_In_Darkness,40.00%,Old_Hilt,20.00%,Old_Card_Album,50.00%,Celestial_Robe,10.00%,Hurricane_Fury,1.00%,Gloom_Under_Night_Card,0.01%,,,Yggdrasilberry,55.00%,Old_Violet_Box,50.00%,Old_Violet_Box,50.00%
1958,Thorny Skeleton,,89,악마,어둠,,,,,,,,,,,,,,,,,,,,,,
1959,Thorn of Recovery,,89,악마,유령,,,,,,,,,,,,,,,,,,,,,,
1960,Thorn of Magic,,89,악마,어둠,,,,,,,,,,,,,,,,,,,,,,
1961,Thorn of Purification,,89,악마,어둠,,,,,,,,,,,,,,,,,,,,,,
1288,Emperium,,90,천사,성,,,,,,,,,,,,,,,,,,,,,,
1637,Margaretha Sorin,,90,인간형,성,Lab_Staff_Record,20.00%,Croce_Staff,0.02%,Rod_,2.00%,Hardback,0.10%,Holy_Robe,0.01%,Old_Blue_Box,0.50%,Muffler_,0.10%,Magaleta_Card,0.01%,,,,,,
1719,Detardeurus,★MVP,90,드래곤,어둠,Morpheus's_Armlet,10.00%,Morpheus's_Ring,10.00%,Treasure_Box,50.00%,Scale_Of_Red_Dragon,35.89%,Int_Dish10,10.00%,Pole_Axe,1.00%,Gemmed_Crown,5.00%,Detale_Card,0.01%,Old_Violet_Box,55.00%,Old_Blue_Box,50.00%,Crystal_Jewel__,20.00%
1733,Kiehl,,90,무형,어둠,,,,,,,,,,,,,,,,,,,,,,
1734,Kiel D-01,★MVP,90,무형,어둠,Pocket_Watch,30.00%,Old_Violet_Box,30.00%,Morrigane's_Pendant,10.00%,Glittering_Clothes,10.00%,Survival_Rod_,5.00%,Counter_Dagger,5.00%,Morrigane's_Belt,10.00%,Kiel_Card,0.01%,Old_Violet_Box,55.00%,Old_Blue_Box,50.00%,Old_Card_Album,20.00%
1846,Dream Metal,,90,무형,성,Dragonball_Yellow_,20.00%,,,,,,,,,,,,,,,,,,,,
1907,Guardian Stone,,90,무형,무속성,,,,,,,,,,,,,,,,,,,,,,
1908,Guardian Stone,,90,무형,무속성,,,,,,,,,,,,,,,,,,,,,,
1909,Food Storage,,90,무형,무속성,,,,,,,,,,,,,,,,,,,,,,
1910,Food Depot,,90,무형,무속성,,,,,,,,,,,,,,,,,,,,,,
1911,Neutrality Flag,,90,무형,무속성,,,,,,,,,,,,,,,,,,,,,,
1912,Lion Flag,,90,무형,무속성,,,,,,,,,,,,,,,,,,,,,,
1913,Eagle Flag,,90,무형,무속성,,,,,,,,,,,,,,,,,,,,,,
1914,Blue Crystal,,90,무형,무속성,,,,,,,,,,,,,,,,,,,,,,
1915,Pink Crystal,,90,무형,무속성,,,,,,,,,,,,,,,,,,,,,,
1930,Piamette,,90,인간형,무속성,,,,,,,,,,,,,,,,,,,,,,
1947,Piamette,,90,인간형,무속성,,,,,,,,,,,,,,,,,,,,,,
1957,Entweihen Crothen,,90,악마,어둠,Thorn_Staff,90.00%,Holy_Stick,90.00%,Celestial_Robe,90.00%,Lich_Bone_Wand,90.00%,Old_Card_Album,90.00%,Survival_Rod_,90.00%,Agate,90.00%,Ant_Buyanne_Card,0.01%,,,,,,
2026,Runaway Dandelion Member,,90,인간형,어둠,Old_Frying_Pan,50.00%,Delicious_Fish,5.00%,Spoon_Stub,20.00%,Mushroom,30.00%,Outdoor_Cooking_Kits,5.00%,Green_Herb,50.00%,Piece_Of_Egg_Shell,30.00%,Tree_Root,20.00%,,,,,,
2030,Hiden Priest,,90,악마,불사,Pope's_Cookie,50.00%,,,,,,,,,,,,,,,,,,,,
1634,Seyren Windsor,,91,악마,불,Armlet_Of_Prisoner,30.00%,Dragon_Killer,0.02%,Claymore,2.00%,Old_Blue_Box,0.30%,Helm_,0.12%,Plate_Armor_,0.01%,Ruber,0.01%,Seyren_Card,0.01%,,,,,,
1831,Salamander,,91,무형,불,Burning_Heart,30.00%,Flame_Heart,0.30%,Red_Gemstone,1.00%,Lesser_Elemental_Ring,0.01%,Berserk_Guitar,0.50%,Ring_,0.01%,Meteo_Plate_Armor,0.20%,Salamander_Card,0.01%,,,,,,
1834,Salamander,,91,무형,불,,,,,,,,,,,,,,,,,,,,,,
1895,Seyren Windsor,,91,악마,불,,,,,,,,,,,,,,,,,,,,,,
1639,Kathryne Keyron,,92,인간형,유령,Armlet_Of_Prisoner,30.00%,Old_Blue_Box,0.50%,La'cryma_Stick,0.01%,Survival_Rod2_,0.05%,Guard_,0.30%,Pair_Of_Red_Ribbon,0.01%,Shoes_,0.20%,Katrinn_Card,0.01%,,,,,,
1704,Odium of Thanatos,,92,언데드,유령,Brigan,10.00%,Crystal_Jewel_,5.00%,Crystal_Jewel__,1.00%,Piece_Of_Memory_Blue,100.00%,Old_Card_Album,0.10%,Goibne's_Shoulder_Arms,10.00%,Tha_Odium_Card,0.01%,,,,,,,,
1709,Odium of Thanatos,,92,언데드,유령,Brigan,10.00%,Crystal_Jewel_,5.00%,Crystal_Jewel__,1.00%,,,,,,,,,,,,,,,,
1896,Kathryne Keyron,,92,인간형,유령,,,,,,,,,,,,,,,,,,,,,,
1157,Pharaoh,★MVP,93,인간형,어둠,Broken_Pharaoh_Symbol,58.20%,Tutankhamen's_Mask,25.00%,Solar_Sword,1.00%,Holy_Robe,1.50%,Gemmed_Crown,5.00%,Tablet,3.00%,Bazerald,0.80%,Pharaoh_Card,0.01%,Yggdrasilberry,55.00%,Royal_Jelly,50.00%,Crystal_Jewel__,50.00%
2068,Boitata,★MVP,93,동물,불,Treasure_Box,50.00%,Hurricane_Fury,1.00%,Hunting_Spear,1.00%,Yggdrasilberry,5.00%,Elunium,10.00%,Oridecon,10.00%,Hell_Fire,1.00%,,,Old_Violet_Box,55.00%,Old_Violet_Box,50.00%,Old_Card_Album,20.00%
1373,Lord of the Dead,★MVP,94,악마,어둠,Boroken_Shiled_Piece,53.35%,Pole_Axe,0.05%,House_Auger,0.10%,Ring_,0.02%,Shine_Spear_Blade,0.10%,War_Axe,0.01%,Iron_Driver,0.02%,Lord_Of_Death_Card,0.01%,Yggdrasilberry,55.00%,Crystal_Jewel__,50.00%,Old_Violet_Box,50.00%
1920,Incarnation of Morocc,,96,악마,불사,Ragamuffin_Cape,0.10%,Dark_Crystal,10.00%,Dark_Debris,30.00%,Elunium,1.60%,Brigan,48.50%,Cursed_Hand,0.03%,Bloody_Eater,0.15%,,,,,,,,
1924,Incarnation of Morocc,,96,악마,불사,,,,,,,,,,,,,,,,,,,,,,
1312,Turtle General,★MVP,97,동물,땅,Iron_Driver,0.08%,War_Axe,0.05%,Cookbook09,2.00%,Pole_Axe,0.09%,Broken_Shell,53.35%,Immaterial_Sword,0.80%,Union_Of_Tribe,0.01%,Turtle_General_Card,0.01%,Turtle_Shell,55.00%,Yggdrasilberry,15.00%,Old_Violet_Box,20.00%
1685,Vesper,★MVP,97,동물,성,Broken_Steel_Piece,50.00%,Mystery_Piece,30.00%,Old_Violet_Box,10.00%,Vesper_Core01,1.00%,Vesper_Core02,1.00%,Vesper_Core03,1.00%,Vesper_Core04,1.00%,Apocalips_H_Card,0.01%,Old_Violet_Box,55.00%,Old_Blue_Box,50.00%,Crystal_Jewel__,20.00%
1918,Incarnation of Morocc,,97,천사,어둠,Herald_Of_GOD,0.10%,Dark_Crystal,10.00%,Dark_Debris,30.00%,Elunium,1.60%,Brigan,48.50%,Diabolus_Manteau,0.03%,Nemesis,0.20%,,,,,,,,
1919,Incarnation of Morocc,,97,악마,어둠,Skin_Of_Ventus,0.03%,Dark_Crystal,10.00%,Dark_Debris,30.00%,Oridecon,1.60%,Cyfar,35.00%,Cross_Shield,0.15%,,,,,,,,,,
1922,Incarnation of Morocc,,97,천사,어둠,,,,,,,,,,,,,,,,,,,,,,
1923,Incarnation of Morocc,,97,악마,어둠,,,,,,,,,,,,,,,,,,,,,,
1732,Treasure Chest,,98,무형,무속성,3rd_Floor_Pass,10.00%,,,,,,,,,,,,,,,,,,,,
1779,Ktullanux,★MVP,98,동물,물,Ice_Scale,90.00%,Old_Card_Album,30.00%,Clack_Of_Servival,30.00%,Herald_Of_GOD,50.00%,Old_Violet_Box,50.00%,Yggdrasilberry,50.00%,Ktullanux_Card,0.01%,,,Yggdrasilberry,55.00%,Old_Violet_Box,50.00%,Old_Violet_Box,50.00%
1845,Treasure Box,,98,무형,무속성,Gold_Coin_US,100.00%,Gold_Coin_US,100.00%,Gold_Coin_US,100.00%,Treasure_Box_,100.00%,Green_Ale_US,25.00%,Gold_Coin_US,50.00%,Green_Ale_US,25.00%,Green_Ale_US,25.00%,,,,,,
1847,Poring,,98,천사,유령,,,,,,,,,,,,,,,,,,,,,,
1873,Beelzebub,,98,악마,유령,,,,,,,,,,,,,,,,,,,,,,
1874,Beelzebub,★MVP,98,악마,유령,Broken_Crown,90.00%,Variant_Shoes,20.00%,Death_Note,20.00%,Destruction_Rod,20.00%,Bison_Horn,20.00%,Elunium,54.32%,Chonchon_Doll,55.00%,Berzebub_Card,0.01%,Old_Violet_Box,55.00%,Yggdrasilberry,50.00%,Box_Of_Grudge,55.00%
1905,Barricade,,98,무형,무속성,,,,,,,,,,,,,,,,,,,,,,
1906,Barricade,,98,무형,무속성,,,,,,,,,,,,,,,,,,,,,,
1921,Incarnation of Morocc,,98,악마,유령,Diabolus_Ring,0.05%,Dark_Crystal,10.00%,Dark_Debris,30.00%,Oridecon,1.60%,Cyfar,35.00%,Exorcism_Bible,0.20%,,,,,,,,,,
1925,Incarnation of Morocc,,98,악마,유령,,,,,,,,,,,,,,,,,,,,,,
1929,Great Demon Baphomet,,98,악마,어둠,Bapho_Doll,5.00%,Pauldron,70.00%,Tae_Goo_Lyeon,50.00%,Bloody_Iron_Ball,1.00%,Celestial_Robe,70.00%,Holy_Robe,70.00%,Crescent_Scythe,90.00%,Baphomet_Card,0.01%,,,,,,
1931,Wish Maiden,,98,천사,유령,,,,,,,,,,,,,,,,,,,,,,
1934,Blue Flower,,98,식물,땅,,,,,,,,,,,,,,,,,,,,,,
1935,Red Flower,,98,식물,땅,,,,,,,,,,,,,,,,,,,,,,
1936,Yellow Flower,,98,식물,땅,,,,,,,,,,,,,,,,,,,,,,
1324,Treasure Chest,,99,무형,무속성,Crystal_Jewel__,77.60%,Seed_Of_Yggdrasil,30.00%,Yggdrasilberry,25.00%,Muffler_,8.00%,Shoes_,8.00%,Chain_Mail_,8.00%,Buckler_,8.00%,Old_Card_Album,10.00%,,,,,,
1325,Treasure Chest,,99,무형,무속성,Jewel_Of_Prayer,0.80%,Union_Of_Tribe,5.00%,Branch_Of_Dead_Tree,100.00%,Oridecon,48.50%,Elunium,72.75%,Poison_Knife,15.00%,Wizardry_Hat,0.75%,Masamune,0.08%,,,,,,
1326,Treasure Chest,,99,무형,무속성,Crystal_Jewel__,77.60%,Seed_Of_Yggdrasil,30.00%,Yggdrasilberry,25.00%,Muffler_,8.00%,Shoes_,8.00%,Chain_Mail_,8.00%,Buckler_,8.00%,Old_Card_Album,10.00%,,,,,,
1327,Treasure Chest,,99,무형,무속성,Iron_Glove,0.80%,Union_Of_Tribe,5.00%,Branch_Of_Dead_Tree,100.00%,Oridecon,48.50%,Elunium,72.75%,Mirror_Shield_,10.00%,War_Axe,0.75%,Helm_Of_Sun,0.02%,,,,,,
1328,Treasure Chest,,99,무형,무속성,Crystal_Jewel__,77.60%,Seed_Of_Yggdrasil,30.00%,Yggdrasilberry,25.00%,Muffler_,8.00%,Shoes_,8.00%,Chain_Mail_,8.00%,Buckler_,8.00%,Old_Card_Album,10.00%,,,,,,
1329,Treasure Chest,,99,무형,무속성,Iron_Maiden,0.80%,Union_Of_Tribe,5.00%,Branch_Of_Dead_Tree,100.00%,Oridecon,48.50%,Elunium,72.75%,Guard_,8.34%,Corsair,1.00%,Gemmed_Crown,0.09%,,,,,,
1330,Treasure Chest,,99,무형,무속성,Crystal_Jewel__,77.60%,Seed_Of_Yggdrasil,30.00%,Yggdrasilberry,25.00%,Muffler_,8.00%,Shoes_,8.00%,Chain_Mail_,8.00%,Buckler_,8.00%,Old_Card_Album,10.00%,,,,,,
1331,Treasure Chest,,99,무형,무속성,Mystery_Wheel,0.80%,Union_Of_Tribe,5.00%,Branch_Of_Dead_Tree,100.00%,Oridecon,48.50%,Elunium,72.75%,Critical_Ring,5.00%,Mage_Coat,1.25%,Earring_,0.09%,,,,,,
1332,Treasure Chest,,99,무형,무속성,Crystal_Jewel__,77.60%,Seed_Of_Yggdrasil,30.00%,Yggdrasilberry,25.00%,Muffler_,8.00%,Shoes_,8.00%,Chain_Mail_,8.00%,Buckler_,8.00%,Old_Card_Album,10.00%,,,,,,
1333,Treasure Chest,,99,무형,무속성,Silver_Fancy,0.80%,Union_Of_Tribe,5.00%,Branch_Of_Dead_Tree,100.00%,Oridecon,48.50%,Elunium,72.75%,Buckler_,5.00%,Tights_,1.50%,Necklace_,0.10%,,,,,,
1334,Treasure Chest,,99,무형,무속성,Crystal_Jewel__,77.60%,Seed_Of_Yggdrasil,30.00%,Yggdrasilberry,25.00%,Muffler_,8.00%,Shoes_,8.00%,Chain_Mail_,8.00%,Buckler_,8.00%,Old_Card_Album,10.00%,,,,,,
1335,Treasure Chest,,99,무형,무속성,Anger_Of_Valkurye,0.80%,Union_Of_Tribe,5.00%,Branch_Of_Dead_Tree,100.00%,Oridecon,48.50%,Elunium,72.75%,Centimental_Leaf,5.00%,Kakkung_,1.50%,Magestic_Goat,0.10%,,,,,,
1336,Treasure Chest,,99,무형,무속성,Crystal_Jewel__,77.60%,Seed_Of_Yggdrasil,30.00%,Yggdrasilberry,25.00%,Muffler_,8.00%,Shoes_,8.00%,Chain_Mail_,8.00%,Buckler_,8.00%,Old_Card_Album,10.00%,,,,,,
1337,Treasure Chest,,99,무형,무속성,Feather_Of_Angel,0.80%,Union_Of_Tribe,5.00%,Branch_Of_Dead_Tree,100.00%,Oridecon,48.50%,Elunium,72.75%,Zeny_Knife,3.75%,Spanner,1.50%,Clothes_Of_The_Lord,0.10%,,,,,,
1338,Treasure Chest,,99,무형,무속성,Crystal_Jewel__,77.60%,Seed_Of_Yggdrasil,30.00%,Yggdrasilberry,25.00%,Muffler_,8.00%,Shoes_,8.00%,Chain_Mail_,8.00%,Buckler_,8.00%,Old_Card_Album,10.00%,,,,,,
1339,Treasure Chest,,99,무형,무속성,Foot_Step_Of_Cat,0.80%,Union_Of_Tribe,5.00%,Branch_Of_Dead_Tree,100.00%,Oridecon,48.50%,Elunium,72.75%,Rosary_,3.00%,Staff_Of_Soul,1.67%,Holy_Robe,0.10%,,,,,,
1340,Treasure Chest,,99,무형,무속성,Crystal_Jewel__,77.60%,Seed_Of_Yggdrasil,30.00%,Yggdrasilberry,25.00%,Muffler_,8.00%,Shoes_,8.00%,Chain_Mail_,8.00%,Buckler_,8.00%,Old_Card_Album,10.00%,,,,,,
1341,Treasure Chest,,99,무형,무속성,Beard_Of_Women,0.80%,Union_Of_Tribe,5.00%,Branch_Of_Dead_Tree,100.00%,Oridecon,48.50%,Elunium,72.75%,Gaia_Sword,2.50%,Grimtooth_,1.88%,Crown,0.12%,,,,,,
1342,Treasure Chest,,99,무형,무속성,Crystal_Jewel__,77.60%,Seed_Of_Yggdrasil,30.00%,Yggdrasilberry,25.00%,Muffler_,8.00%,Shoes_,8.00%,Chain_Mail_,8.00%,Buckler_,8.00%,Old_Card_Album,10.00%,,,,,,
1343,Treasure Chest,,99,무형,무속성,Root_Of_Stone,0.80%,Union_Of_Tribe,5.00%,Branch_Of_Dead_Tree,100.00%,Oridecon,48.50%,Elunium,72.75%,Old_Violet_Box,2.50%,Sasimi,1.88%,Loard_Circlet,0.19%,,,,,,
1344,Treasure Chest,,99,무형,무속성,Crystal_Jewel__,77.60%,Seed_Of_Yggdrasil,30.00%,Yggdrasilberry,25.00%,Muffler_,8.00%,Shoes_,8.00%,Chain_Mail_,8.00%,Buckler_,8.00%,Old_Card_Album,10.00%,,,,,,
1345,Treasure Chest,,99,무형,무속성,Soul_Of_Fish,0.80%,Union_Of_Tribe,5.00%,Branch_Of_Dead_Tree,100.00%,Oridecon,48.50%,Elunium,72.75%,Ragamuffin_Cape,10.00%,Thief_Clothes_,0.69%,Ring_,0.20%,,,,,,
1346,Treasure Chest,,99,무형,무속성,Crystal_Jewel__,77.60%,Seed_Of_Yggdrasil,30.00%,Yggdrasilberry,25.00%,Muffler_,8.00%,Shoes_,8.00%,Chain_Mail_,8.00%,Buckler_,8.00%,Old_Card_Album,10.00%,,,,,,
1347,Treasure Chest,,99,무형,무속성,Saliva_Of_Bird,0.80%,Union_Of_Tribe,5.00%,Branch_Of_Dead_Tree,100.00%,Oridecon,48.50%,Elunium,72.75%,Shield_,10.00%,Muramasa,0.50%,Helm_Of_Angel,0.24%,,,,,,
1348,Treasure Chest,,99,무형,무속성,Crystal_Jewel__,77.60%,Seed_Of_Yggdrasil,30.00%,Yggdrasilberry,25.00%,Muffler_,8.00%,Shoes_,8.00%,Chain_Mail_,8.00%,Buckler_,8.00%,Old_Card_Album,10.00%,,,,,,
1349,Treasure Chest,,99,무형,무속성,Tendon_Of_Bear,0.80%,Union_Of_Tribe,5.00%,Branch_Of_Dead_Tree,100.00%,Oridecon,48.50%,Elunium,72.75%,Gemmed_Sallet_,7.50%,Glove_,0.46%,Elven_Ears,0.25%,,,,,,
1350,Treasure Chest,,99,무형,무속성,Crystal_Jewel__,77.60%,Seed_Of_Yggdrasil,30.00%,Yggdrasilberry,25.00%,Muffler_,8.00%,Shoes_,8.00%,Chain_Mail_,8.00%,Buckler_,8.00%,Old_Card_Album,10.00%,,,,,,
1351,Treasure Chest,,99,무형,무속성,Symbol_Of_Sun,0.80%,Union_Of_Tribe,5.00%,Branch_Of_Dead_Tree,100.00%,Oridecon,48.50%,Elunium,72.75%,Ear_Mufs,5.00%,Safety_Ring,0.41%,Tiara,0.32%,,,,,,
1352,Treasure Chest,,99,무형,무속성,Crystal_Jewel__,77.60%,Seed_Of_Yggdrasil,30.00%,Yggdrasilberry,25.00%,Muffler_,8.00%,Shoes_,8.00%,Chain_Mail_,8.00%,Buckler_,8.00%,Old_Card_Album,10.00%,,,,,,
1353,Treasure Chest,,99,무형,무속성,Breath_Of_Soul,0.80%,Union_Of_Tribe,5.00%,Branch_Of_Dead_Tree,100.00%,Oridecon,48.50%,Elunium,72.75%,Cape_Of_Ancient_Lord,5.00%,Brooch_,0.38%,Magician_Hat,0.34%,,,,,,
1354,Treasure Chest,,99,무형,무속성,Crystal_Jewel__,77.60%,Seed_Of_Yggdrasil,30.00%,Yggdrasilberry,25.00%,Muffler_,8.00%,Shoes_,8.00%,Chain_Mail_,8.00%,Buckler_,8.00%,Old_Card_Album,10.00%,,,,,,
1355,Treasure Chest,,99,무형,무속성,Crystal_Of_Snow,0.80%,Union_Of_Tribe,5.00%,Branch_Of_Dead_Tree,100.00%,Oridecon,48.50%,Elunium,72.75%,Chrystal_Pumps,4.29%,Centimental_Flower,2.50%,Plate_Armor_,0.35%,,,,,,
1356,Treasure Chest,,99,무형,무속성,Crystal_Jewel__,77.60%,Seed_Of_Yggdrasil,30.00%,Yggdrasilberry,25.00%,Muffler_,8.00%,Shoes_,8.00%,Chain_Mail_,8.00%,Buckler_,8.00%,Old_Card_Album,10.00%,,,,,,
1357,Treasure Chest,,99,무형,무속성,Indication_Of_Tempest,0.80%,Union_Of_Tribe,5.00%,Branch_Of_Dead_Tree,100.00%,Oridecon,48.50%,Elunium,72.75%,Memorize_Book,3.00%,Boots_,2.73%,Sharp_Gear,0.38%,,,,,,
1358,Treasure Chest,,99,무형,무속성,Crystal_Jewel__,77.60%,Seed_Of_Yggdrasil,30.00%,Yggdrasilberry,25.00%,Muffler_,8.00%,Shoes_,8.00%,Chain_Mail_,8.00%,Buckler_,8.00%,Old_Card_Album,10.00%,,,,,,
1359,Treasure Chest,,99,무형,무속성,Slilince_Wave,0.80%,Union_Of_Tribe,5.00%,Branch_Of_Dead_Tree,100.00%,Oridecon,48.50%,Elunium,72.75%,Jewel_Sword,2.15%,Satanic_Chain,0.60%,Bone_Helm,0.38%,,,,,,
1360,Treasure Chest,,99,무형,무속성,Crystal_Jewel__,77.60%,Seed_Of_Yggdrasil,30.00%,Yggdrasilberry,25.00%,Muffler_,8.00%,Shoes_,8.00%,Chain_Mail_,8.00%,Buckler_,8.00%,Old_Card_Album,10.00%,,,,,,
1361,Treasure Chest,,99,무형,무속성,Rough_Billows,0.80%,Union_Of_Tribe,5.00%,Branch_Of_Dead_Tree,100.00%,Oridecon,48.50%,Elunium,72.75%,Pole_Axe,0.50%,Spinx_Helm,0.50%,Helm_,0.50%,,,,,,
1362,Treasure Chest,,99,무형,무속성,Crystal_Jewel__,77.60%,Seed_Of_Yggdrasil,30.00%,Yggdrasilberry,25.00%,Muffler_,8.00%,Shoes_,8.00%,Chain_Mail_,8.00%,Buckler_,8.00%,Old_Card_Album,10.00%,,,,,,
1363,Treasure Chest,,99,무형,무속성,Air_Stream,0.80%,Union_Of_Tribe,5.00%,Branch_Of_Dead_Tree,100.00%,Oridecon,48.50%,Elunium,72.75%,Manteau_,0.43%,Angelic_Chain,0.43%,Iron_Driver,0.38%,,,,,,
1502,Bring it on!,★MVP,99,식물,독,Poring_Hat,100.00%,Flame_Sprits_Armor,25.00%,Water_Sprits_Armor,25.00%,Earth_Sprits_Armor,25.00%,Wind_Sprits_Armor,25.00%,Bloody_Iron_Ball,40.00%,Large_Jellopy,100.00%,Holy_Guard,45.00%,Sword_Of_Grave_Keeper,10.00%,Poring__Card,1.00%,Elven_Ears,2.00%
1640,Lord Knight Seyren,,99,인간형,불,Old_Violet_Box,0.10%,,,,,,,,,,,,,,,,,,,,
1641,Assassin Cross Eremes,,99,인간형,독,Old_Violet_Box,0.10%,,,,,,,,,,,,,,,,,,,,
1642,Whitesmith Howard,,99,인간형,물,Old_Violet_Box,0.10%,,,,,,,,,,,,,,,,,,,,
1643,High Priest Margaretha,,99,인간형,성,Old_Violet_Box,0.10%,,,,,,,,,,,,,,,,,,,,
1644,Sniper Cecil,,99,인간형,바람,Old_Violet_Box,0.10%,,,,,,,,,,,,,,,,,,,,
1645,High Wizard Kathryne,,99,인간형,유령,Old_Violet_Box,0.10%,,,,,,,,,,,,,,,,,,,,
1646,Lord Knight Seyren,★MVP,99,인간형,불,Edge,25.00%,Full_Plate_Armor_,35.00%,Grave_,90.00%,Brionac,35.00%,Longinus's_Spear,30.00%,Dragon_Slayer,25.00%,Skewer,15.00%,B_Seyren_Card,0.01%,Old_Violet_Box,55.00%,Old_Blue_Box,50.00%,Crystal_Jewel__,20.00%
1647,Assassin Cross Eremes,★MVP,99,인간형,독,Moonlight_Sword,15.00%,House_Auger,15.00%,Glittering_Clothes,90.00%,Exercise,35.00%,Assasin_Dagger,35.00%,Bloody_Roar,35.00%,Ginnungagap,35.00%,B_Eremes_Card,0.01%,Old_Violet_Box,55.00%,Old_Blue_Box,50.00%,Crystal_Jewel__,20.00%
1648,Whitesmith Howard,★MVP,99,인간형,땅,Mysteltainn_,35.00%,Byeorrun_Gum,25.00%,Clothes_Of_The_Lord,90.00%,Sabbath,35.00%,Great_Axe,35.00%,Guillotine,25.00%,Tomahawk,35.00%,B_Harword_Card,0.01%,Old_Violet_Box,55.00%,Old_Blue_Box,50.00%,Crystal_Jewel__,20.00%
1649,High Priest Margaretha,★MVP,99,인간형,성,Berserk,35.00%,Safety_Ring,25.00%,Celestial_Robe,90.00%,Book_Of_The_Apocalypse,35.00%,Quadrille,35.00%,Grand_Cross,25.00%,Diary_Of_Great_Sage,35.00%,B_Magaleta_Card,0.01%,Old_Violet_Box,55.00%,Old_Blue_Box,50.00%,Crystal_Jewel__,20.00%
1650,Sniper Cecil,★MVP,99,인간형,바람,Combat_Knife,35.00%,Sucsamad,35.00%,Old_Violet_Box,90.00%,Moonlight_Sword,15.00%,Grimtooth_,35.00%,Bow_Of_Rudra,15.00%,Dragon_Wing,25.00%,B_Shecil_Card,0.01%,Old_Violet_Box,55.00%,Old_Blue_Box,50.00%,Luna_Bow,20.00%
1651,High Wizard Kathryne,★MVP,99,인간형,유령,Cursed_Dagger,35.00%,Counter_Dagger,35.00%,Critical_Ring,90.00%,Robe_Of_Casting,25.00%,Celestial_Robe,25.00%,Survival_Rod_,30.00%,Glittering_Clothes,35.00%,B_Katrinn_Card,0.01%,Old_Violet_Box,55.00%,Old_Blue_Box,50.00%,Crystal_Jewel__,20.00%
1708,Memory of Thanatos,★MVP,99,악마,유령,Treasure_Box,10.00%,Morrigane's_Manteau,10.00%,Piece_Of_Bone_Armor,50.00%,Full_Plate_Armor_,50.00%,Grave_,50.00%,Wing_Of_Eagle,10.00%,Bloody_Iron_Ball,5.00%,Thanatos_Card,0.01%,Old_Violet_Box,55.00%,Old_Blue_Box,50.00%,Crystal_Jewel__,20.00%
1722,Jakk,,99,무형,불,Pumpkin_Bucket,10.00%,Pumpkin_Head,10.00%,Pumpkin,10.00%,Pumpkin_Hat,100.00%,,,,,,,,,,,,,,
1751,Valkyrie Randgris,★MVP,99,천사,성,Valhalla_Flower,50.00%,Valkyrie_Armor,16.00%,Valkyrie_Manteau,30.00%,Valkyrie_Shoes,30.00%,Helm_,50.00%,Bloody_Edge,25.00%,Randgris_Card,0.01%,,,Old_Violet_Box,55.00%,Old_Blue_Box,50.00%,Old_Card_Album,20.00%
1765,Valkyrie,,99,천사,성,Valhalla_Flower,5.00%,Old_Violet_Box,1.00%,Valkyrja's_Shield,5.00%,,,,,,,,,,,,,,,,
1766,Angeling,★MVP,99,천사,성,,,,,,,,,,,,,,,,,Jellopy,50.00%,Jellopy,50.00%,Poring_Doll,50.00%
1767,Deviling,★MVP,99,천사,성,,,,,,,,,,,,,,,,,Jellopy,50.00%,Jellopy,50.00%,Poring_Doll,50.00%
1798,Treasure Chest,,99,무형,무속성,Gem_Of_Ruin,100.00%,,,,,,,,,,,,,,,,,,,,
1799,Lord Knight Seyren,,99,인간형,불,Evil_Mind,3.00%,,,,,,,,,,,,,,,,,,,,
1800,Assassin Cross Eremes,,99,인간형,독,Evil_Mind,3.00%,,,,,,,,,,,,,,,,,,,,
1801,Mastersmith Howard,,99,인간형,물,Evil_Mind,3.00%,,,,,,,,,,,,,,,,,,,,
1802,High Priest Margaretha,,99,인간형,성,Evil_Mind,3.00%,,,,,,,,,,,,,,,,,,,,
1803,Sniper Cecil,,99,인간형,바람,Evil_Mind,3.00%,,,,,,,,,,,,,,,,,,,,
1804,High Wizard Kathryne,,99,인간형,유령,Evil_Mind,3.00%,,,,,,,,,,,,,,,,,,,,
1805,Lord Knight Seyren,,99,인간형,불,Evil_Mind,100.00%,,,,,,,,,,,,,,,,,,,,
1806,Assassin Cross Eremes,,99,인간형,독,Evil_Mind,100.00%,,,,,,,,,,,,,,,,,,,,
1807,Mastersmith Howard,,99,인간형,땅,Evil_Mind,100.00%,,,,,,,,,,,,,,,,,,,,
1808,High Priest Margaretha,,99,인간형,성,Evil_Mind,100.00%,,,,,,,,,,,,,,,,,,,,
1809,Sniper Cecil,,99,인간형,바람,Evil_Mind,100.00%,,,,,,,,,,,,,,,,,,,,
1810,High Wizard Kathryne,,99,인간형,유령,Evil_Mind,100.00%,,,,,,,,,,,,,,,,,,,,
1812,Delightful Lude,,99,무형,무속성,Pumpkin_Bucket,50.00%,Pumpkin_Head,50.00%,Pumpkin,50.00%,Pumpkin_Mojo,50.00%,,,,,,,,,,,,,,
1813,Hydrolancer,,99,천사,유령,Evil_Dragon_Head,100.00%,Dragon_Killer,5.00%,Gemmed_Crown,5.00%,Pole_Axe,5.00%,Int_Dish10,15.00%,Treasure_Box,55.00%,,,,,,,,,,
1817,Detarderous,,99,천사,유령,Dragon_Spirit,100.00%,Dragon_Wing,5.00%,Wizardy_Staff,5.00%,Bloody_Roar,5.00%,Int_Dish10,15.00%,Luk_Dish10,15.00%,,,,,,,,,,
1832,Ifrit,★MVP,99,무형,불,Flame_Heart,100.00%,Spiritual_Ring,30.00%,Ring_Of_Flame_Lord,2.00%,Ring_Of_Resonance,2.00%,Hell_Fire,20.00%,Fire_Brand,20.00%,Flame_Sprits_Armor_,1.00%,Ifrit_Card,0.01%,Old_Violet_Box,55.00%,Old_Blue_Box,50.00%,Old_Card_Album,20.00%
1840,Golden Savage,,99,동물,땅,Leaf_Of_Yggdrasil,30.00%,Treasure_Box,1.00%,Old_Card_Album,0.05%,Gold,5.00%,Emperium,1.00%,Golden_Gear_,0.01%,New_Year_Rice_Cake_1,30.00%,New_Year_Rice_Cake_2,30.00%,,,,,,
1852,Angeling,,99,천사,성,,,,,,,,,,,,,,,,,,,,,,
1853,Deviling,,99,천사,성,,,,,,,,,,,,,,,,,,,,,,
1876,Lord of the Dead,,99,악마,어둠,,,,,,,,,,,,,,,,,,,,,,
1891,Valkyrie,,99,천사,성,,,,,,,,,,,,,,,,,,,,,,
1902,Treasure Box,,99,무형,성,Gold_Key77,10.00%,,,,,,,,,,,,,,,,,,,,
1903,Treasure Box,,99,무형,성,Silver_Key77,10.00%,,,,,,,,,,,,,,,,,,,,
1916,Satan Morocc,,99,악마,어둠,,,,,,,,,,,,,,,,,,,,,,
1917,Wounded Morocc,★MVP,99,악마,어둠,Diabolus_Helmet,10.00%,Diabolus_Robe,50.00%,Diabolus_Armor,50.00%,Diabolus_Boots,50.00%,Dark_Crystal,90.00%,Dark_Debris,90.00%,,,,,Yggdrasilberry,55.00%,Old_Violet_Box,50.00%,Old_Violet_Box,50.00%
1938,Treasure Chest,,99,무형,무속성,Goddess_Tear,0.80%,Union_Of_Tribe,5.00%,Branch_Of_Dead_Tree_Box,100.00%,Oridecon,48.50%,Elunium,72.75%,Pauldron,0.40%,Healing_Staff,1.50%,Wild_Beast_Claw,1.50%,,,,,,
1939,Treasure Chest,,99,무형,무속성,Valkyrie_Token,0.80%,Union_Of_Tribe,5.00%,Branch_Of_Dead_Tree_Box,100.00%,Oridecon,48.50%,Elunium,72.75%,Celestial_Robe,0.40%,Berdysz,1.50%,Inverse_Scale,1.50%,,,,,,
1940,Treasure Chest,,99,무형,무속성,Brynhild_Armor_Piece,0.80%,Union_Of_Tribe,5.00%,Branch_Of_Dead_Tree_Box,100.00%,Oridecon,48.50%,Elunium,72.75%,Scalpel,1.50%,Heart_Breaker,1.50%,Blood_Tears,1.50%,,,,,,
1941,Treasure Chest,,99,무형,무속성,Hero_Remains,0.80%,Union_Of_Tribe,5.00%,Branch_Of_Dead_Tree_Box,100.00%,Oridecon,48.50%,Elunium,72.75%,Platinum_Shotel,1.50%,Burning_Bow,1.50%,Divine_Cross,0.50%,,,,,,
1942,Treasure Chest,,99,무형,무속성,Andvari_Ring,0.80%,Union_Of_Tribe,5.00%,Branch_Of_Dead_Tree_Box,100.00%,Oridecon,48.50%,Elunium,72.75%,Muscle_Cutter,1.50%,Orc_Archer_Bow,1.50%,Icicle_Fist,1.50%,,,,,,
1943,Treasure Chest,,99,무형,무속성,Dusk_Glow,0.80%,Union_Of_Tribe,5.00%,Branch_Of_Dead_Tree_Box,100.00%,Oridecon,48.50%,Elunium,72.75%,Battle_Hook,1.50%,Frozen_Bow,1.50%,Combo_Battle_Glove,1.50%,,,,,,
1944,Treasure Chest,,99,무형,무속성,Dawn_Essence,0.80%,Union_Of_Tribe,5.00%,Branch_Of_Dead_Tree_Box,100.00%,Oridecon,48.50%,Elunium,72.75%,Ahlspiess,1.50%,Earth_Bow,1.50%,Ulfhedinn,0.50%,,,,,,
1945,Treasure Chest,,99,무형,무속성,Cold_Moonlight,0.80%,Union_Of_Tribe,5.00%,Branch_Of_Dead_Tree_Box,100.00%,Oridecon,48.50%,Elunium,72.75%,Lich_Bone_Wand,1.50%,Gust_Bow,1.50%,Seismic_Fist,1.50%,,,,,,
1946,Treasure Chest,,99,무형,무속성,Hazy_Starlight,0.80%,Union_Of_Tribe,5.00%,Branch_Of_Dead_Tree_Box,100.00%,Oridecon,48.50%,Elunium,72.75%,Piercing_Staff,1.50%,Drill_Katar,1.50%,Mithril_Magic_Cape,0.50%,,,,,,
1955,Treasure Chest,,99,무형,무속성,Tresure_Box_WoE,30.00%,Soul_Crystal,40.00%,,,,,,,,,,,,,,,,,,
1956,Naght Sieger,,99,악마,유령,Twin_Edge_B,90.00%,Twin_Edge_R,90.00%,Flame_Manteau,90.00%,Bone_Helm,90.00%,Old_Card_Album,90.00%,Pauldron,90.00%,Turquoise,90.00%,,,,,,,,
2047,Naga,,99,동물,땅,Scale_Of_Snakes,50.00%,,,,,,,,,,,,,,,,,,,,
2049,Bradium Golem,,99,무형,땅,Purified_Bradium,5.00%,,,,,,,,,,,,,,,,,,,,
2042,Silver Sniper,,100,무형,무속성,Steel,10.00%,,,,,,,,,,,,,,,,,,,,
2043,Magic Decoy,,100,무형,불,Steel,10.00%,,,,,,,,,,,,,,,,,,,,
2044,Magic Decoy,,100,무형,물,Steel,10.00%,,,,,,,,,,,,,,,,,,,,
2045,Magic Decoy,,100,무형,땅,Steel,10.00%,,,,,,,,,,,,,,,,,,,,
2046,Magic Decoy,,100,무형,바람,Steel,10.00%,,,,,,,,,,,,,,,,,,,,
2024,Bradium Golem,,101,무형,땅,Stone_Piece,30.00%,Stone_Heart,50.00%,Purified_Bradium,5.00%,Bradium_Shield,0.10%,,,,,,,,,,,,,,
2019,Ancient Tree,,102,식물,땅,Tough_Vines,10.00%,Great_Leaf,10.00%,Log,50.00%,Dead_Tree_Cane,0.10%,Vital_Tree_Shoes,0.30%,,,,,,,,,,,,
1994,Luciola Vespa,,104,곤충,바람,Sprint_Ring,0.02%,Worm_Peelings,90.00%,Bee_Sting,90.00%,Honey,3.00%,Wind_Of_Verdure,1.60%,Royal_Jelly,2.00%,Solid_Shell,30.00%,Luciola_Vespa_Card,0.01%,,,,,,
1989,Hillslion,,105,동물,땅,Sprint_Shoes,0.10%,Horn_Of_Hilthrion,0.20%,Horn_Of_Hilsrion,30.00%,Fur,20.00%,Wild_Beast_Claw,0.10%,Soft_Feather,1.20%,Brigan,48.50%,Hilsrion_Card,0.01%,,,,,,
1998,Hillslion,,105,동물,땅,,,,,,,,,,,,,,,,,,,,,,
2076,Shadow of Deception,,105,악마,바람,,,,,,,,,,,,,,,,,,,,,,
2077,Shadow of Illusion,,105,악마,어둠,,,,,,,,,,,,,,,,,,,,,,
2078,Shadow of Pleasure,,105,악마,어둠,,,,,,,,,,,,,,,,,,,,,,
1986,Tatacho,,106,동물,땅,Lunakaligo,0.20%,Cello,0.10%,Fur,40.00%,Peaked_Hat,30.00%,Delicious_Fish,31.00%,Sweet_Potato,30.00%,Tatacho_Card,0.01%,,,,,,,,
1997,Tatacho,,106,동물,땅,,,,,,,,,,,,,,,,,,,,,,
2017,Rata,,107,인간형,땅,Unripe_Acorn,50.00%,Acorn,50.00%,Piece_Of_Darkness,5.00%,Veteran_Hammer,1.00%,,,,,,,,,,,,,,
2018,Duneyrr,,107,인간형,땅,Carrot,50.00%,Fur,40.00%,Piece_Of_Darkness,5.00%,Eyes_Stone_Ring,0.01%,Veteran_Sword,0.10%,Veteran_Axe,1.00%,,,,,,,,,,
1992,Cornus,,108,동물,성,Sprint_Mail,0.10%,Angelic_Ring,0.01%,Mystic_Horn,40.00%,Soft_Feather,30.00%,Horseshoe,60.00%,Snowy_Horn,0.02%,Long_Horn,0.01%,Cornus_Card,0.01%,,,,,,
1987,Centipede,,110,곤충,독,Cold_Heart,0.02%,Black_Cat,0.02%,Cursed_Lyre,0.10%,Short_Leg,53.35%,Zargon,50.00%,Worm_Peelings,90.00%,Solid_Shell,25.00%,Centipede_Card,0.01%,,,,,,
1993,Naga,,111,동물,땅,Armor_Of_Naga,0.10%,Shield_Of_Naga,0.10%,Battle_Fork,0.10%,Scale_Of_Snakes,50.00%,Scales_Shell,35.00%,Shining_Scales,20.00%,Pike_,0.20%,,,,,,,,
1991,Tendrilion,,113,동물,땅,Leather_Of_Tendrilion,5.00%,Death_Guidance,1.00%,Eraser,1.00%,Horn_Of_Tendrilion,90.00%,Fur,40.00%,Tough_Vines,53.35%,Stiff_Horn,48.50%,,,,,,,,
2023,Dark Shadow,,114,무형,어둠,Piece_Of_Black_Cloth,50.00%,Skul_Ring,10.00%,Dagger_Of_Hunter,0.05%,Piece_Of_Darkness,10.00%,Eyes_Stone_Ring,0.05%,Bradium_Stonehammer,0.10%,Dark_Shadow_Card,0.01%,,,,,,,,
2027,Dark Shadow,,114,무형,어둠,,,,,,,,,,,,,,,,,,,,,,
1990,Hardrock Mammoth,,115,동물,땅,Bone_Head,1.00%,Tournament_Shield,2.00%,Ivory_Lance,5.00%,Ivory_Knife,4.00%,Hard_Skin,90.00%,Snowy_Horn,0.20%,Elunium,90.00%,,,,,,,,
2022,Nidhoggr's Shadow,★MVP,117,드래곤,어둠,Dark_Red_Scale,50.00%,Treasure_Box,50.00%,Gold_Ring,50.00%,Cardo,5.00%,Katzbalger,5.00%,Pole_Axe,5.00%,Piece_Of_Angent_Skin,20.00%,,,Old_Violet_Box,55.00%,Old_Violet_Box,50.00%,Old_Card_Album,20.00%
